defect_id,source_system,department,section,severity,days_overdue,asset_age_years,past_failure_count,deferred_count,calculated_risk_score,failed_within_90d
DEF-2026-0001,TMS,Engineering,GZB-MTC,3,54,43.4,4,4,74.9,1
DEF-2026-0002,TMS,Engineering,DEC-GGN,1,7,35.0,7,5,63.3,0
DEF-2026-0003,TMS,Engineering,NDLS-GZB,4,7,37.7,4,4,65.0,0
DEF-2026-0004,TMS,Engineering,NZM-FDB,4,23,28.3,3,0,49.2,0
DEF-2026-0005,TDMS,TRD,VAPI-ST,1,58,4.0,1,6,54.5,0
DEF-2026-0006,TMS,Engineering,NDLS-PWL,2,16,20.6,7,4,41.9,0
DEF-2026-0007,TMS,Engineering,VAPI-ST,4,3,28.1,5,4,45.9,0
DEF-2026-0008,TDMS,TRD,NZM-FDB,2,118,21.5,2,1,61.3,0
DEF-2026-0009,TDMS,TRD,DLI-DEC,3,171,32.6,8,5,88.4,1
DEF-2026-0010,TDMS,TRD,GZB-ALJN,1,22,31.9,5,5,65.2,0
DEF-2026-0011,SMMS,S & T,NDLS-GZB,3,30,40.4,8,2,74.2,1
DEF-2026-0012,TMS,Engineering,DLI-DEC,1,21,34.3,2,2,49.0,0
DEF-2026-0013,TMS,Engineering,PWL-MTJ,4,6,37.0,1,4,54.1,0
DEF-2026-0014,SMMS,S & T,NZM-FDB,1,25,4.0,6,3,47.1,0
DEF-2026-0015,TDMS,TRD,DEC-GGN,2,17,12.8,7,6,44.5,0
DEF-2026-0016,SMMS,S & T,NDLS-PWL,3,24,9.6,1,1,49.6,0
DEF-2026-0017,TMS,Engineering,NDLS-PWL,1,8,8.9,4,0,39.8,0
DEF-2026-0018,TDMS,TRD,DEC-GGN,3,24,26.6,5,0,52.0,0
DEF-2026-0019,TDMS,TRD,DEC-GGN,3,25,25.4,6,0,45.9,0
DEF-2026-0020,TMS,Engineering,DEC-GGN,5,19,26.1,0,0,51.1,0
DEF-2026-0021,TDMS,TRD,NZM-FDB,3,93,31.3,5,3,82.9,1
DEF-2026-0022,SMMS,S & T,DLI-DEC,1,16,23.9,7,0,41.4,0
DEF-2026-0023,TMS,Engineering,PWL-MTJ,3,30,43.1,8,4,75.5,1
DEF-2026-0024,TMS,Engineering,GZB-MTC,1,17,42.4,2,0,59.3,0
DEF-2026-0025,TMS,Engineering,NZM-FDB,1,5,26.7,3,2,37.6,0
DEF-2026-0026,TMS,Engineering,GZB-ALJN,3,17,28.6,0,5,46.8,0
DEF-2026-0027,SMMS,S & T,GZB-MTC,2,21,14.1,7,3,42.2,0
DEF-2026-0028,TMS,Engineering,DEC-GGN,4,25,29.3,4,5,52.3,0
DEF-2026-0029,TMS,Engineering,PWL-MTJ,4,4,26.6,6,4,42.8,0
DEF-2026-0030,TDMS,TRD,GZB-ALJN,2,13,9.9,4,1,43.4,0
DEF-2026-0031,TDMS,TRD,VAPI-ST,4,27,25.6,4,5,49.4,0
DEF-2026-0032,TMS,Engineering,GZB-MTC,1,20,28.6,3,2,46.4,0
DEF-2026-0033,SMMS,S & T,PWL-MTJ,2,18,17.7,5,3,44.3,0
DEF-2026-0034,SMMS,S & T,GZB-MTC,2,11,16.3,7,3,44.2,0
DEF-2026-0035,TMS,Engineering,GZB-ALJN,3,51,38.9,2,4,62.1,0
DEF-2026-0036,TDMS,TRD,PNP-UMB,4,38,26.9,3,0,54.9,0
DEF-2026-0037,TDMS,TRD,NZM-FDB,3,20,11.6,4,1,42.8,0
DEF-2026-0038,TMS,Engineering,VAPI-ST,1,73,8.0,2,1,54.0,0
DEF-2026-0039,SMMS,S & T,NDLS-GZB,5,154,3.7,7,1,72.9,1
DEF-2026-0040,SMMS,S & T,DEC-GGN,4,151,39.9,0,5,84.9,1
DEF-2026-0041,TDMS,TRD,GZB-ALJN,3,8,26.5,6,5,41.6,0
DEF-2026-0042,TMS,Engineering,GZB-MTC,5,16,39.3,7,6,72.4,1
DEF-2026-0043,TMS,Engineering,VAPI-ST,4,14,24.1,4,1,46.5,0
DEF-2026-0044,TMS,Engineering,PWL-MTJ,1,115,22.7,7,3,72.2,1
DEF-2026-0045,SMMS,S & T,NDLS-PWL,2,7,27.5,2,5,35.4,0
DEF-2026-0046,TMS,Engineering,DLI-DEC,1,30,26.2,0,5,44.1,0
DEF-2026-0047,TMS,Engineering,VAPI-ST,3,15,37.7,2,6,50.7,0
DEF-2026-0048,TMS,Engineering,NDLS-PWL,4,10,5.0,6,3,46.4,0
DEF-2026-0049,TMS,Engineering,PNP-UMB,4,138,28.0,2,3,76.0,1
DEF-2026-0050,TMS,Engineering,NZM-FDB,2,169,40.6,6,4,88.1,1
DEF-2026-0051,TMS,Engineering,PWL-MTJ,3,154,18.4,1,3,74.1,1
DEF-2026-0052,TMS,Engineering,PNP-UMB,3,17,2.2,0,4,50.9,0
DEF-2026-0053,TMS,Engineering,PNP-UMB,3,22,6.6,6,5,47.3,0
DEF-2026-0054,TMS,Engineering,NDLS-PWL,2,132,19.8,8,3,72.6,1
DEF-2026-0055,SMMS,S & T,PWL-MTJ,2,9,32.3,2,6,46.7,0
DEF-2026-0056,SMMS,S & T,NDLS-GZB,1,6,16.6,8,4,38.6,0
DEF-2026-0057,TDMS,TRD,VAPI-ST,1,2,27.8,1,0,38.6,0
DEF-2026-0058,TMS,Engineering,NDLS-PWL,5,19,43.4,0,6,63.7,0
DEF-2026-0059,TMS,Engineering,NDLS-GZB,1,21,3.4,8,4,49.3,0
DEF-2026-0060,SMMS,S & T,VAPI-ST,5,101,17.2,6,3,70.3,1
DEF-2026-0061,TMS,Engineering,DLI-DEC,4,29,33.2,8,4,66.5,1
DEF-2026-0062,TDMS,TRD,PNP-UMB,2,12,9.5,8,0,50.7,0
DEF-2026-0063,TMS,Engineering,GZB-MTC,5,162,39.7,4,5,89.4,1
DEF-2026-0064,TDMS,TRD,DLI-DEC,5,148,39.1,7,0,80.8,1
DEF-2026-0065,SMMS,S & T,DLI-DEC,5,89,19.7,5,4,53.8,0
DEF-2026-0066,TMS,Engineering,DEC-GGN,3,26,42.1,7,2,73.5,1
DEF-2026-0067,SMMS,S & T,PWL-MTJ,1,23,10.6,3,6,43.1,0
DEF-2026-0068,TMS,Engineering,PNP-UMB,4,3,30.5,0,6,44.9,0
DEF-2026-0069,TDMS,TRD,PNP-UMB,2,157,39.9,4,3,86.6,1
DEF-2026-0070,TMS,Engineering,PNP-UMB,3,165,22.6,8,0,66.9,1
DEF-2026-0071,TDMS,TRD,GZB-ALJN,4,14,21.8,0,0,41.9,0
DEF-2026-0072,SMMS,S & T,NDLS-PWL,2,17,22.3,5,2,41.6,0
DEF-2026-0073,TMS,Engineering,PWL-MTJ,4,124,14.0,2,4,76.6,1
DEF-2026-0074,SMMS,S & T,NDLS-GZB,4,141,10.4,2,3,75.1,1
DEF-2026-0075,TMS,Engineering,NDLS-GZB,5,27,15.6,7,2,49.3,0
DEF-2026-0076,SMMS,S & T,DEC-GGN,1,26,29.1,7,5,53.3,0
DEF-2026-0077,TMS,Engineering,VAPI-ST,3,25,19.7,5,6,43.9,0
DEF-2026-0078,SMMS,S & T,GZB-MTC,1,24,30.9,7,6,62.2,0
DEF-2026-0079,TMS,Engineering,GZB-ALJN,2,68,29.5,5,3,54.1,0
DEF-2026-0080,TMS,Engineering,GZB-MTC,2,105,28.0,6,2,67.5,1
DEF-2026-0081,TDMS,TRD,GZB-ALJN,4,16,9.9,0,1,44.2,0
DEF-2026-0082,TMS,Engineering,GZB-ALJN,1,29,3.1,6,4,47.9,0
DEF-2026-0083,SMMS,S & T,NDLS-PWL,1,29,12.6,4,3,44.0,0
DEF-2026-0084,SMMS,S & T,GZB-MTC,4,10,39.4,4,4,68.8,1
DEF-2026-0085,TDMS,TRD,DEC-GGN,3,18,29.3,6,4,47.0,0
DEF-2026-0086,TMS,Engineering,PNP-UMB,1,9,8.7,0,0,37.7,0
DEF-2026-0087,TDMS,TRD,DLI-DEC,2,15,41.6,7,2,73.1,1
DEF-2026-0088,TDMS,TRD,NZM-FDB,3,136,20.8,3,1,65.0,0
DEF-2026-0089,TMS,Engineering,DLI-DEC,1,20,36.4,4,2,65.9,1
DEF-2026-0090,TDMS,TRD,VAPI-ST,1,9,28.6,4,5,40.1,0
DEF-2026-0091,TMS,Engineering,PWL-MTJ,1,17,6.4,4,1,45.0,0
DEF-2026-0092,TMS,Engineering,NDLS-GZB,1,110,23.4,5,3,68.7,1
DEF-2026-0093,TDMS,TRD,NZM-FDB,5,99,5.1,7,1,68.2,0
DEF-2026-0094,TMS,Engineering,GZB-MTC,4,129,21.0,0,1,67.0,1
DEF-2026-0095,TMS,Engineering,PNP-UMB,3,6,43.3,5,1,71.6,1
DEF-2026-0096,TMS,Engineering,PWL-MTJ,3,123,39.1,3,0,68.4,1
DEF-2026-0097,TMS,Engineering,VAPI-ST,1,8,35.9,0,0,45.4,0
DEF-2026-0098,TDMS,TRD,DEC-GGN,1,15,16.6,0,0,37.4,0
DEF-2026-0099,SMMS,S & T,NDLS-GZB,4,4,44.2,5,6,73.8,1
DEF-2026-0100,TMS,Engineering,GZB-MTC,1,28,20.8,4,4,41.4,0
DEF-2026-0101,TMS,Engineering,DLI-DEC,2,23,37.7,8,1,70.8,1
DEF-2026-0102,SMMS,S & T,DEC-GGN,2,24,10.0,0,4,44.5,0
DEF-2026-0103,TMS,Engineering,DEC-GGN,4,168,10.2,7,6,82.9,1
DEF-2026-0104,TMS,Engineering,NDLS-GZB,1,21,42.3,2,6,58.0,0
DEF-2026-0105,TMS,Engineering,GZB-ALJN,1,18,24.6,4,0,41.6,0
DEF-2026-0106,TDMS,TRD,NZM-FDB,3,29,29.5,5,4,53.1,0
DEF-2026-0107,TDMS,TRD,GZB-ALJN,1,19,33.6,4,0,68.8,1
DEF-2026-0108,TMS,Engineering,PNP-UMB,2,6,26.5,2,4,38.2,0
DEF-2026-0109,TMS,Engineering,PNP-UMB,3,148,20.4,1,1,65.7,1
DEF-2026-0110,TMS,Engineering,DEC-GGN,5,121,25.7,5,6,81.3,1
DEF-2026-0111,SMMS,S & T,GZB-MTC,4,10,11.2,8,5,45.2,0
DEF-2026-0112,TMS,Engineering,DLI-DEC,1,9,44.7,4,0,75.5,1
DEF-2026-0113,TMS,Engineering,NDLS-PWL,2,101,24.0,2,0,58.2,0
DEF-2026-0114,TDMS,TRD,GZB-ALJN,1,8,19.2,3,5,38.3,0
DEF-2026-0115,TDMS,TRD,GZB-ALJN,1,178,6.1,4,0,64.8,0
DEF-2026-0116,TDMS,TRD,VAPI-ST,2,28,39.3,3,5,55.2,0
DEF-2026-0117,SMMS,S & T,NDLS-GZB,3,1,15.7,2,2,34.6,0
DEF-2026-0118,TDMS,TRD,NZM-FDB,5,24,11.5,4,6,47.6,0
DEF-2026-0119,TMS,Engineering,NDLS-PWL,2,23,13.3,6,4,41.5,0
DEF-2026-0120,TMS,Engineering,PWL-MTJ,2,18,44.9,8,1,75.8,1
DEF-2026-0121,TDMS,TRD,VAPI-ST,2,29,30.9,6,2,65.1,0
DEF-2026-0122,TDMS,TRD,DEC-GGN,1,11,20.9,3,1,41.9,0
DEF-2026-0123,SMMS,S & T,DEC-GGN,1,23,28.7,2,6,46.5,0
DEF-2026-0124,TMS,Engineering,PNP-UMB,2,0,25.1,3,4,34.7,0
DEF-2026-0125,SMMS,S & T,PWL-MTJ,3,4,41.0,8,0,70.4,1
DEF-2026-0126,SMMS,S & T,GZB-ALJN,1,20,30.4,5,6,63.4,1
DEF-2026-0127,TDMS,TRD,NDLS-PWL,3,7,32.5,5,3,64.8,1
DEF-2026-0128,TDMS,TRD,GZB-MTC,3,22,41.7,4,2,71.3,1
DEF-2026-0129,TMS,Engineering,NZM-FDB,2,11,12.2,8,2,45.2,0
DEF-2026-0130,TDMS,TRD,NDLS-PWL,1,17,16.7,6,5,38.3,0
DEF-2026-0131,TMS,Engineering,PNP-UMB,5,19,26.6,6,2,51.4,0
DEF-2026-0132,SMMS,S & T,NZM-FDB,3,82,15.3,8,1,55.2,0
DEF-2026-0133,TDMS,TRD,DEC-GGN,1,175,15.7,8,4,78.4,1
DEF-2026-0134,TMS,Engineering,PWL-MTJ,1,136,15.0,4,1,63.5,1
DEF-2026-0135,TMS,Engineering,GZB-MTC,4,19,28.3,3,1,47.8,0
DEF-2026-0136,TDMS,TRD,NDLS-PWL,2,20,18.7,7,1,42.8,0
DEF-2026-0137,TMS,Engineering,GZB-MTC,4,100,11.6,3,6,80.6,1
DEF-2026-0138,TMS,Engineering,DEC-GGN,2,14,35.4,6,5,67.1,1
DEF-2026-0139,TDMS,TRD,NDLS-GZB,3,17,32.3,0,4,50.5,0
DEF-2026-0140,TMS,Engineering,DLI-DEC,3,23,24.2,0,1,46.7,0
DEF-2026-0141,TDMS,TRD,GZB-MTC,4,9,14.7,0,5,38.5,0
DEF-2026-0142,SMMS,S & T,NDLS-PWL,1,18,19.8,7,0,43.8,0
DEF-2026-0143,TDMS,TRD,GZB-MTC,4,28,15.9,2,5,45.6,0
DEF-2026-0144,TMS,Engineering,NDLS-GZB,4,23,8.9,8,3,49.0,0
DEF-2026-0145,TDMS,TRD,GZB-MTC,3,21,8.2,0,3,43.9,0
DEF-2026-0146,TMS,Engineering,GZB-MTC,4,30,34.9,0,3,57.6,0
DEF-2026-0147,SMMS,S & T,VAPI-ST,1,28,27.3,7,3,47.6,1
DEF-2026-0148,TDMS,TRD,NDLS-GZB,2,173,10.9,2,1,67.7,1
DEF-2026-0149,TMS,Engineering,NDLS-PWL,4,178,14.8,1,0,67.5,1
DEF-2026-0150,SMMS,S & T,VAPI-ST,3,177,9.6,7,5,83.5,1
DEF-2026-0151,TMS,Engineering,NDLS-PWL,4,125,37.3,6,6,89.3,1
DEF-2026-0152,TDMS,TRD,VAPI-ST,2,13,11.0,0,0,40.8,0
DEF-2026-0153,SMMS,S & T,NDLS-PWL,5,15,38.5,4,4,68.2,1
DEF-2026-0154,TMS,Engineering,DLI-DEC,4,157,40.0,3,5,84.8,1
DEF-2026-0155,TMS,Engineering,PWL-MTJ,1,61,10.9,6,3,53.7,1
DEF-2026-0156,TMS,Engineering,NDLS-GZB,2,25,23.8,5,6,46.1,0
DEF-2026-0157,TMS,Engineering,NDLS-GZB,2,38,10.3,5,5,45.8,0
DEF-2026-0158,TMS,Engineering,NDLS-GZB,3,168,21.9,6,5,81.0,1
DEF-2026-0159,TMS,Engineering,GZB-ALJN,4,10,11.0,5,6,47.7,0
DEF-2026-0160,TMS,Engineering,VAPI-ST,1,167,26.6,6,1,66.8,1
DEF-2026-0161,TDMS,TRD,DLI-DEC,2,111,13.7,1,3,71.1,1
DEF-2026-0162,TMS,Engineering,NDLS-GZB,1,40,41.3,7,4,72.6,1
DEF-2026-0163,TDMS,TRD,PNP-UMB,1,154,24.5,5,1,66.4,1
DEF-2026-0164,TMS,Engineering,NDLS-GZB,4,130,24.5,0,2,68.5,1
DEF-2026-0165,SMMS,S & T,PWL-MTJ,1,14,34.9,4,0,64.0,1
DEF-2026-0166,TMS,Engineering,GZB-ALJN,2,10,13.7,2,2,39.0,0
DEF-2026-0167,SMMS,S & T,NDLS-PWL,3,6,15.7,2,5,39.9,0
DEF-2026-0168,SMMS,S & T,NZM-FDB,2,14,22.2,0,0,37.6,0
DEF-2026-0169,TMS,Engineering,GZB-ALJN,1,19,15.4,3,5,41.4,0
DEF-2026-0170,TDMS,TRD,GZB-MTC,2,54,41.5,7,0,73.4,1
DEF-2026-0171,SMMS,S & T,DEC-GGN,4,90,8.2,4,2,55.9,0
DEF-2026-0172,TDMS,TRD,NDLS-PWL,2,0,17.1,7,6,39.1,0
DEF-2026-0173,TMS,Engineering,DLI-DEC,3,16,32.7,1,2,48.6,0
DEF-2026-0174,TMS,Engineering,DEC-GGN,2,19,43.9,6,0,73.9,1
DEF-2026-0175,SMMS,S & T,VAPI-ST,2,176,25.4,3,1,67.9,0
DEF-2026-0176,TMS,Engineering,GZB-ALJN,3,10,21.1,4,3,41.0,0
DEF-2026-0177,SMMS,S & T,VAPI-ST,3,26,29.7,0,0,49.3,0
DEF-2026-0178,SMMS,S & T,PWL-MTJ,1,4,14.5,7,1,40.7,0
DEF-2026-0179,TMS,Engineering,PNP-UMB,3,108,42.3,5,0,78.2,1
DEF-2026-0180,TMS,Engineering,DEC-GGN,2,171,2.0,8,6,84.8,1
DEF-2026-0181,TMS,Engineering,NDLS-PWL,1,13,32.6,6,3,62.6,0
DEF-2026-0182,TMS,Engineering,NDLS-GZB,2,123,8.6,2,1,64.8,1
DEF-2026-0183,TMS,Engineering,VAPI-ST,4,142,7.8,2,5,81.0,1
DEF-2026-0184,SMMS,S & T,NZM-FDB,2,172,18.5,3,1,63.7,0
DEF-2026-0185,SMMS,S & T,DEC-GGN,4,7,41.8,5,0,73.1,1
DEF-2026-0186,TMS,Engineering,PNP-UMB,3,165,44.3,4,3,88.1,1
DEF-2026-0187,TDMS,TRD,NDLS-GZB,1,15,25.2,4,4,44.9,0
DEF-2026-0188,SMMS,S & T,NDLS-PWL,2,23,43.3,4,2,73.7,1
DEF-2026-0189,TDMS,TRD,VAPI-ST,4,23,29.1,2,4,55.4,1
DEF-2026-0190,TMS,Engineering,DLI-DEC,1,2,28.5,4,6,42.2,0
DEF-2026-0191,TMS,Engineering,NDLS-PWL,1,18,17.9,2,2,41.3,0
DEF-2026-0192,TDMS,TRD,NZM-FDB,2,2,37.3,7,6,64.0,0
DEF-2026-0193,TMS,Engineering,GZB-ALJN,2,20,33.6,5,0,64.6,1
DEF-2026-0194,TMS,Engineering,DLI-DEC,2,15,31.4,6,3,61.7,1
DEF-2026-0195,TDMS,TRD,PNP-UMB,1,29,15.6,8,5,46.8,0
DEF-2026-0196,TDMS,TRD,VAPI-ST,2,29,13.5,1,2,44.2,0
DEF-2026-0197,TDMS,TRD,GZB-ALJN,4,23,31.1,2,2,47.6,1
DEF-2026-0198,TMS,Engineering,NDLS-GZB,1,14,14.2,3,0,39.9,0
DEF-2026-0199,TMS,Engineering,VAPI-ST,3,86,29.4,1,0,58.4,0
DEF-2026-0200,TMS,Engineering,GZB-MTC,1,5,30.4,1,5,40.2,0
DEF-2026-0201,TMS,Engineering,NDLS-GZB,2,28,35.6,4,6,68.9,1
DEF-2026-0202,TDMS,TRD,GZB-MTC,1,156,10.6,6,1,67.3,1
DEF-2026-0203,SMMS,S & T,DLI-DEC,2,58,32.8,1,0,58.3,0
DEF-2026-0204,TMS,Engineering,DEC-GGN,2,31,30.6,4,1,66.4,0
DEF-2026-0205,SMMS,S & T,GZB-MTC,3,30,19.4,1,4,45.3,0
DEF-2026-0206,SMMS,S & T,PNP-UMB,5,10,29.2,1,2,49.2,0
DEF-2026-0207,TMS,Engineering,NZM-FDB,4,24,9.6,0,3,45.2,0
DEF-2026-0208,SMMS,S & T,VAPI-ST,2,143,8.0,3,0,60.6,1
DEF-2026-0209,TMS,Engineering,NDLS-GZB,4,20,43.5,7,0,75.4,1
DEF-2026-0210,TMS,Engineering,VAPI-ST,3,148,39.4,8,1,82.5,1
DEF-2026-0211,TMS,Engineering,NDLS-PWL,4,15,41.5,0,1,58.9,0
DEF-2026-0212,TDMS,TRD,GZB-ALJN,4,3,37.9,1,6,50.1,0
DEF-2026-0213,SMMS,S & T,PNP-UMB,3,2,36.9,6,2,67.4,1
DEF-2026-0214,TDMS,TRD,NDLS-PWL,4,24,16.4,1,2,47.6,0
DEF-2026-0215,TMS,Engineering,NZM-FDB,2,5,27.0,2,0,42.4,0
DEF-2026-0216,TMS,Engineering,GZB-MTC,2,0,5.8,4,3,36.5,0
DEF-2026-0217,TMS,Engineering,GZB-ALJN,3,16,42.3,0,4,60.0,0
DEF-2026-0218,TDMS,TRD,VAPI-ST,2,0,7.1,8,0,44.9,0
DEF-2026-0219,TDMS,TRD,GZB-MTC,3,149,30.4,4,0,75.9,1
DEF-2026-0220,TMS,Engineering,GZB-MTC,5,1,20.7,5,4,44.8,0
DEF-2026-0221,SMMS,S & T,VAPI-ST,5,71,22.9,1,0,57.3,0
DEF-2026-0222,TMS,Engineering,PWL-MTJ,4,28,6.7,3,0,48.4,0
DEF-2026-0223,TDMS,TRD,NDLS-PWL,2,7,22.8,6,1,42.6,0
DEF-2026-0224,TMS,Engineering,VAPI-ST,4,122,10.7,2,0,62.5,1
DEF-2026-0225,TMS,Engineering,VAPI-ST,4,14,16.8,4,4,46.0,0
DEF-2026-0226,SMMS,S & T,GZB-MTC,3,7,24.4,3,4,45.3,0
DEF-2026-0227,TMS,Engineering,NDLS-GZB,4,23,20.7,3,4,50.6,0
DEF-2026-0228,TMS,Engineering,GZB-ALJN,5,23,24.8,7,6,47.5,0
DEF-2026-0229,TMS,Engineering,GZB-MTC,3,135,7.7,4,1,66.4,1
DEF-2026-0230,TMS,Engineering,NZM-FDB,2,18,21.6,2,6,40.7,0
DEF-2026-0231,TDMS,TRD,DLI-DEC,3,31,5.0,5,4,53.8,0
DEF-2026-0232,SMMS,S & T,DEC-GGN,3,6,16.4,0,4,38.4,0
DEF-2026-0233,TMS,Engineering,PWL-MTJ,2,19,9.5,8,5,49.9,0
DEF-2026-0234,TMS,Engineering,PWL-MTJ,3,153,34.3,3,6,85.2,1
DEF-2026-0235,TDMS,TRD,GZB-MTC,3,13,18.0,7,3,38.8,0
DEF-2026-0236,SMMS,S & T,GZB-MTC,3,9,36.4,1,1,51.5,0
DEF-2026-0237,TMS,Engineering,NDLS-GZB,1,30,13.9,2,3,44.9,0
DEF-2026-0238,TDMS,TRD,PWL-MTJ,3,4,21.1,0,2,39.4,0
DEF-2026-0239,TDMS,TRD,VAPI-ST,1,30,19.7,5,5,43.2,0
DEF-2026-0240,SMMS,S & T,DLI-DEC,3,14,40.6,4,1,69.7,1
DEF-2026-0241,TMS,Engineering,DLI-DEC,2,27,14.2,2,4,47.5,0
DEF-2026-0242,TMS,Engineering,NDLS-PWL,4,28,7.0,5,4,48.9,0
DEF-2026-0243,TMS,Engineering,PNP-UMB,1,22,44.1,2,2,57.0,0
DEF-2026-0244,TDMS,TRD,PNP-UMB,2,68,41.9,2,0,67.1,0
DEF-2026-0245,TMS,Engineering,GZB-MTC,4,105,34.4,2,6,81.6,1
DEF-2026-0246,TMS,Engineering,VAPI-ST,2,1,7.0,0,3,35.7,0
DEF-2026-0247,TMS,Engineering,GZB-MTC,1,1,11.6,4,1,40.4,0
DEF-2026-0248,TDMS,TRD,DEC-GGN,5,12,27.9,8,0,50.4,0
DEF-2026-0249,SMMS,S & T,GZB-MTC,2,12,16.8,4,3,41.9,0
DEF-2026-0250,TMS,Engineering,PWL-MTJ,2,139,19.8,1,1,63.2,1
DEF-2026-0251,TDMS,TRD,DLI-DEC,3,47,27.4,6,0,56.6,0
DEF-2026-0252,SMMS,S & T,GZB-MTC,4,24,37.8,4,4,70.2,1
DEF-2026-0253,TDMS,TRD,GZB-MTC,4,9,21.9,0,6,42.4,0
DEF-2026-0254,SMMS,S & T,DLI-DEC,2,156,29.7,0,0,63.3,0
DEF-2026-0255,TDMS,TRD,GZB-ALJN,3,11,20.8,4,5,38.8,0
DEF-2026-0256,SMMS,S & T,NDLS-PWL,1,8,8.3,7,5,35.6,0
DEF-2026-0257,TMS,Engineering,GZB-ALJN,2,20,14.5,1,4,43.1,0
DEF-2026-0258,TMS,Engineering,PNP-UMB,2,10,32.0,5,0,65.7,1
DEF-2026-0259,TDMS,TRD,PWL-MTJ,1,16,22.9,5,1,44.2,0
DEF-2026-0260,TDMS,TRD,GZB-MTC,3,165,32.6,1,3,77.5,1
DEF-2026-0261,TMS,Engineering,PNP-UMB,1,0,31.7,2,6,31.8,0
DEF-2026-0262,TMS,Engineering,PWL-MTJ,4,0,38.8,2,5,53.6,0
DEF-2026-0263,TMS,Engineering,PNP-UMB,5,13,35.3,6,0,68.5,1
DEF-2026-0264,TMS,Engineering,GZB-ALJN,5,1,2.4,1,6,45.9,0
DEF-2026-0265,TMS,Engineering,PNP-UMB,5,5,8.3,4,4,43.6,0
DEF-2026-0266,SMMS,S & T,PWL-MTJ,3,56,34.8,8,1,72.7,0
DEF-2026-0267,TMS,Engineering,GZB-ALJN,4,56,41.6,7,2,76.3,1
DEF-2026-0268,TMS,Engineering,GZB-MTC,2,6,6.9,5,0,42.4,0
DEF-2026-0269,TMS,Engineering,VAPI-ST,4,22,3.7,5,3,53.2,0
DEF-2026-0270,SMMS,S & T,GZB-ALJN,4,7,44.4,6,1,74.4,1
DEF-2026-0271,TDMS,TRD,GZB-ALJN,5,11,31.0,1,3,45.0,0
DEF-2026-0272,TMS,Engineering,VAPI-ST,3,3,43.9,5,1,72.5,1
DEF-2026-0273,TMS,Engineering,NZM-FDB,1,13,32.7,4,6,63.3,1
DEF-2026-0274,SMMS,S & T,DLI-DEC,5,15,35.0,1,0,50.5,0
DEF-2026-0275,TMS,Engineering,VAPI-ST,5,56,37.7,7,5,74.9,1
DEF-2026-0276,TMS,Engineering,GZB-MTC,3,3,24.4,7,6,41.5,0
DEF-2026-0277,SMMS,S & T,NZM-FDB,2,8,39.0,8,0,69.4,0
DEF-2026-0278,TMS,Engineering,DLI-DEC,2,27,3.5,2,4,49.6,0
DEF-2026-0279,TMS,Engineering,GZB-MTC,2,9,6.7,7,5,42.0,0
DEF-2026-0280,TDMS,TRD,DLI-DEC,3,12,43.7,5,6,72.2,1
DEF-2026-0281,TMS,Engineering,GZB-ALJN,1,26,33.9,0,6,51.3,0
DEF-2026-0282,TDMS,TRD,GZB-ALJN,2,1,29.9,1,5,38.3,0
DEF-2026-0283,TMS,Engineering,NDLS-GZB,1,17,30.3,6,4,61.0,0
DEF-2026-0284,SMMS,S & T,PWL-MTJ,5,12,26.6,7,0,48.6,0
DEF-2026-0285,SMMS,S & T,GZB-ALJN,4,10,17.6,6,1,38.7,0
DEF-2026-0286,SMMS,S & T,GZB-ALJN,2,107,19.3,3,4,73.8,1
DEF-2026-0287,SMMS,S & T,DLI-DEC,3,8,24.8,6,1,43.4,0
DEF-2026-0288,TMS,Engineering,PNP-UMB,3,10,12.8,8,3,45.0,0
DEF-2026-0289,TMS,Engineering,VAPI-ST,4,27,11.2,7,2,52.1,0
DEF-2026-0290,TDMS,TRD,NDLS-PWL,5,23,17.7,2,1,45.2,0
DEF-2026-0291,TDMS,TRD,NDLS-PWL,4,112,41.2,3,6,85.0,1
DEF-2026-0292,SMMS,S & T,GZB-MTC,2,3,12.6,4,3,41.1,0
DEF-2026-0293,TMS,Engineering,NDLS-PWL,3,1,7.9,4,6,41.4,0
DEF-2026-0294,TMS,Engineering,DLI-DEC,4,25,40.5,5,4,70.6,1
DEF-2026-0295,TDMS,TRD,GZB-ALJN,2,11,38.1,2,1,56.1,0
DEF-2026-0296,TDMS,TRD,GZB-ALJN,5,29,40.0,3,4,63.0,0
DEF-2026-0297,TMS,Engineering,DLI-DEC,4,130,34.0,6,1,79.7,1
DEF-2026-0298,TMS,Engineering,NZM-FDB,3,15,42.8,5,4,73.2,1
DEF-2026-0299,TMS,Engineering,NDLS-GZB,2,25,32.8,4,0,64.0,0
DEF-2026-0300,SMMS,S & T,GZB-ALJN,5,22,18.5,5,6,42.2,0
DEF-2026-0301,TMS,Engineering,DLI-DEC,2,131,41.5,4,0,80.8,1
DEF-2026-0302,TDMS,TRD,NDLS-GZB,5,112,35.0,6,6,88.7,1
DEF-2026-0303,TMS,Engineering,GZB-ALJN,4,151,41.8,5,5,89.2,1
DEF-2026-0304,SMMS,S & T,NDLS-GZB,3,11,37.0,5,3,69.0,1
DEF-2026-0305,SMMS,S & T,PWL-MTJ,1,14,10.6,4,2,41.2,0
DEF-2026-0306,TDMS,TRD,GZB-MTC,4,64,31.5,5,3,70.2,1
DEF-2026-0307,TMS,Engineering,VAPI-ST,1,114,10.5,6,2,69.1,1
DEF-2026-0308,TDMS,TRD,NDLS-PWL,5,89,43.9,3,2,73.6,1
DEF-2026-0309,SMMS,S & T,GZB-MTC,3,53,9.3,1,0,51.1,0
DEF-2026-0310,TMS,Engineering,GZB-MTC,1,79,37.0,4,2,71.7,1
DEF-2026-0311,TMS,Engineering,DLI-DEC,1,103,10.1,2,3,70.1,1
DEF-2026-0312,TMS,Engineering,NZM-FDB,1,18,22.2,5,5,41.8,0
DEF-2026-0313,SMMS,S & T,DEC-GGN,4,23,26.0,0,2,49.1,0
DEF-2026-0314,TDMS,TRD,NZM-FDB,5,19,23.7,6,2,47.2,0
DEF-2026-0315,TMS,Engineering,DEC-GGN,4,1,9.3,7,2,43.7,0
DEF-2026-0316,TMS,Engineering,DEC-GGN,2,42,23.5,4,5,47.4,0
DEF-2026-0317,TMS,Engineering,NDLS-PWL,4,19,20.7,2,2,44.4,0
DEF-2026-0318,TDMS,TRD,GZB-MTC,3,14,4.3,2,0,45.2,0
DEF-2026-0319,SMMS,S & T,NDLS-PWL,2,28,17.3,8,3,45.6,0
DEF-2026-0320,TMS,Engineering,NDLS-GZB,4,74,37.4,3,4,63.5,0
DEF-2026-0321,SMMS,S & T,GZB-ALJN,2,94,31.1,5,0,71.1,1
DEF-2026-0322,SMMS,S & T,DLI-DEC,5,26,5.5,7,3,58.7,0
DEF-2026-0323,TMS,Engineering,DLI-DEC,5,20,33.5,2,1,55.9,0
DEF-2026-0324,TMS,Engineering,NZM-FDB,1,30,13.0,3,6,40.3,0
DEF-2026-0325,TDMS,TRD,DLI-DEC,1,24,34.4,2,0,50.5,0
DEF-2026-0326,SMMS,S & T,DLI-DEC,2,3,23.1,6,3,44.3,0
DEF-2026-0327,TMS,Engineering,GZB-MTC,4,25,20.7,6,0,50.3,0
DEF-2026-0328,SMMS,S & T,GZB-MTC,4,29,29.8,1,2,51.2,0
DEF-2026-0329,TDMS,TRD,PNP-UMB,2,4,14.9,3,4,34.1,0
DEF-2026-0330,TMS,Engineering,DLI-DEC,1,13,30.4,4,2,62.8,0
DEF-2026-0331,TDMS,TRD,DLI-DEC,1,23,9.8,6,0,50.6,0
DEF-2026-0332,SMMS,S & T,NDLS-PWL,4,14,41.5,2,1,61.5,1
DEF-2026-0333,TDMS,TRD,GZB-MTC,2,21,2.8,6,0,54.8,0
DEF-2026-0334,TDMS,TRD,NZM-FDB,5,19,37.0,5,5,69.7,1
DEF-2026-0335,TMS,Engineering,NDLS-PWL,1,59,31.9,3,6,56.7,0
DEF-2026-0336,TMS,Engineering,GZB-MTC,3,25,14.9,7,1,47.8,0
DEF-2026-0337,TMS,Engineering,NZM-FDB,5,144,22.3,7,4,78.2,1
DEF-2026-0338,TMS,Engineering,NDLS-GZB,3,141,38.5,8,2,84.5,1
DEF-2026-0339,TMS,Engineering,DLI-DEC,3,19,4.6,0,3,44.7,0
DEF-2026-0340,TMS,Engineering,PWL-MTJ,2,15,20.8,2,2,39.9,0
DEF-2026-0341,TMS,Engineering,NZM-FDB,3,117,38.7,7,1,81.7,1
DEF-2026-0342,TDMS,TRD,PWL-MTJ,3,123,36.4,2,4,78.7,1
DEF-2026-0343,SMMS,S & T,DLI-DEC,3,4,28.0,1,6,32.9,0
DEF-2026-0344,SMMS,S & T,GZB-ALJN,5,11,8.8,8,0,52.4,0
DEF-2026-0345,TMS,Engineering,DLI-DEC,1,17,44.7,5,6,75.5,1
DEF-2026-0346,TDMS,TRD,GZB-MTC,4,57,41.8,7,6,77.0,1
DEF-2026-0347,TDMS,TRD,DEC-GGN,5,57,3.8,1,1,54.1,0
DEF-2026-0348,TMS,Engineering,NDLS-PWL,2,158,6.3,5,2,70.5,1
DEF-2026-0349,TMS,Engineering,DEC-GGN,5,24,36.8,5,2,69.8,1
DEF-2026-0350,TMS,Engineering,NZM-FDB,3,69,24.8,3,1,54.0,0
