train_no,section,arr_time,dep_time,direction,days
22159,DLI-DEC,21:45,21:53,UP,"MON,TUE,WED,FRI,SUN"
22159,DEC-GGN,22:51,22:58,UP,"MON,TUE,WED,FRI,SUN"
22826,GZB-MTC,19:00,19:05,UP,"MON,TUE,THU,FRI,SAT"
22826,GZB-ALJN,19:55,20:01,UP,"MON,TUE,THU,FRI,SAT"
22591,VAPI-ST,14:40,14:43,UP,"MON,TUE,THU,SAT,SUN"
22591,GZB-MTC,15:38,15:41,UP,"MON,TUE,THU,SAT,SUN"
22284,DLI-DEC,03:35,03:38,DOWN,"MON,TUE,WED,FRI,SAT,SUN"
22284,DEC-GGN,04:12,04:17,DOWN,"MON,TUE,WED,FRI,SAT,SUN"
04650,DLI-DEC,19:25,19:29,DOWN,"TUE,THU,FRI,SAT,SUN"
04650,DEC-GGN,20:27,20:33,DOWN,"TUE,THU,FRI,SAT,SUN"
12701,DLI-DEC,04:05,04:11,DOWN,"MON,TUE,WED,FRI,SAT,SUN"
12701,DEC-GGN,05:04,05:09,DOWN,"MON,TUE,WED,FRI,SAT,SUN"
04322,NDLS-GZB,01:50,01:58,DOWN,"MON,THU,FRI,SAT,SUN"
04322,GZB-ALJN,02:30,02:33,DOWN,"MON,THU,FRI,SAT,SUN"
04269,VAPI-ST,04:35,04:43,DOWN,"MON,TUE,WED,THU,FRI,SAT,SUN"
04269,GZB-MTC,05:18,05:26,DOWN,"MON,TUE,WED,THU,FRI,SAT,SUN"
12156,NDLS-PWL,23:30,23:34,UP,"MON,TUE,WED,THU,FRI,SAT,SUN"
12156,PWL-MTJ,00:20,00:27,UP,"MON,TUE,WED,THU,FRI,SAT,SUN"
04738,NZM-FDB,09:50,09:56,DOWN,"MON,WED,FRI,SAT,SUN"
04738,NDLS-PWL,10:32,10:36,DOWN,"MON,WED,FRI,SAT,SUN"
12976,PNP-UMB,16:50,16:53,DOWN,"MON,TUE,WED,THU,FRI,SAT,SUN"
12976,GZB-ALJN,17:30,17:36,DOWN,"MON,TUE,WED,THU,FRI,SAT,SUN"
12382,GZB-MTC,16:35,16:38,DOWN,"MON,TUE,WED,FRI,SUN"
12382,GZB-ALJN,17:16,17:20,DOWN,"MON,TUE,WED,FRI,SUN"
12059,DLI-DEC,04:20,04:27,UP,"MON,THU,FRI,SAT,SUN"
12059,DEC-GGN,05:03,05:08,UP,"MON,THU,FRI,SAT,SUN"
12675,DLI-DEC,19:30,19:33,UP,"MON,TUE,WED,THU,FRI,SUN"
12675,DEC-GGN,20:14,20:22,UP,"MON,TUE,WED,THU,FRI,SUN"
22921,VAPI-ST,22:30,22:38,DOWN,"MON,TUE,WED,THU,FRI,SAT,SUN"
22921,GZB-MTC,23:23,23:30,DOWN,"MON,TUE,WED,THU,FRI,SAT,SUN"
12007,NZM-FDB,04:50,04:55,DOWN,"MON,TUE,FRI,SAT,SUN"
12007,NDLS-PWL,05:42,05:48,DOWN,"MON,TUE,FRI,SAT,SUN"
04243,GZB-MTC,12:40,12:47,UP,"TUE,WED,THU,FRI,SAT,SUN"
04243,GZB-ALJN,13:17,13:25,UP,"TUE,WED,THU,FRI,SAT,SUN"
12096,NDLS-PWL,05:00,05:04,DOWN,"TUE,WED,THU,SAT,SUN"
12096,PWL-MTJ,05:48,05:51,DOWN,"TUE,WED,THU,SAT,SUN"
04669,NDLS-PWL,06:00,06:07,DOWN,"MON,TUE,WED,THU,FRI,SAT,SUN"
04669,PWL-MTJ,06:56,07:02,DOWN,"MON,TUE,WED,THU,FRI,SAT,SUN"
22187,GZB-MTC,16:20,16:26,UP,"MON,TUE,WED,THU,FRI,SUN"
22187,GZB-ALJN,17:02,17:08,UP,"MON,TUE,WED,THU,FRI,SUN"
12948,PNP-UMB,23:40,23:44,UP,"MON,TUE,THU,FRI,SAT"
12948,GZB-ALJN,00:40,00:45,UP,"MON,TUE,THU,FRI,SAT"
22002,NDLS-PWL,13:25,13:31,UP,"TUE,WED,THU,FRI,SAT,SUN"
22002,PWL-MTJ,13:59,14:04,UP,"TUE,WED,THU,FRI,SAT,SUN"
12593,NDLS-GZB,05:45,05:49,DOWN,"MON,TUE,WED,THU,FRI,SAT,SUN"
12593,GZB-ALJN,06:38,06:45,DOWN,"MON,TUE,WED,THU,FRI,SAT,SUN"
12070,GZB-MTC,17:25,17:33,DOWN,"MON,TUE,WED,THU,FRI,SAT,SUN"
12070,GZB-ALJN,18:29,18:35,DOWN,"MON,TUE,WED,THU,FRI,SAT,SUN"
04535,PNP-UMB,20:50,20:54,DOWN,"TUE,WED,THU,FRI,SAT,SUN"
04535,GZB-ALJN,21:24,21:31,DOWN,"TUE,WED,THU,FRI,SAT,SUN"
22951,NDLS-GZB,12:25,12:28,UP,"MON,THU,FRI,SAT,SUN"
22951,GZB-ALJN,13:10,13:14,UP,"MON,THU,FRI,SAT,SUN"
12955,GZB-MTC,07:10,07:16,DOWN,"MON,TUE,WED,FRI,SAT,SUN"
12955,GZB-ALJN,08:12,08:19,DOWN,"MON,TUE,WED,FRI,SAT,SUN"
04826,GZB-MTC,04:50,04:55,UP,"MON,TUE,WED,THU,FRI,SAT,SUN"
04826,GZB-ALJN,05:54,05:59,UP,"MON,TUE,WED,THU,FRI,SAT,SUN"
12278,GZB-MTC,18:45,18:52,UP,"TUE,WED,THU,FRI,SAT,SUN"
12278,GZB-ALJN,19:30,19:36,UP,"TUE,WED,THU,FRI,SAT,SUN"
12649,NDLS-GZB,12:40,12:43,UP,"MON,TUE,WED,THU,FRI,SUN"
12649,GZB-ALJN,13:36,13:41,UP,"MON,TUE,WED,THU,FRI,SUN"
04452,DLI-DEC,18:40,18:43,UP,"MON,TUE,WED,THU,FRI,SAT,SUN"
04452,DEC-GGN,19:23,19:27,UP,"MON,TUE,WED,THU,FRI,SAT,SUN"
04151,VAPI-ST,18:15,18:19,DOWN,"MON,TUE,WED,FRI,SAT,SUN"
04151,GZB-MTC,18:52,18:56,DOWN,"MON,TUE,WED,FRI,SAT,SUN"
22798,VAPI-ST,02:30,02:37,UP,"MON,TUE,WED,THU,FRI,SAT,SUN"
22798,GZB-MTC,03:24,03:31,UP,"MON,TUE,WED,THU,FRI,SAT,SUN"
04946,DLI-DEC,13:45,13:53,UP,"MON,TUE,WED,THU,SAT,SUN"
04946,DEC-GGN,14:36,14:41,UP,"MON,TUE,WED,THU,SAT,SUN"
12204,GZB-MTC,21:55,22:03,DOWN,"MON,TUE,WED,FRI,SAT,SUN"
12204,GZB-ALJN,22:34,22:38,DOWN,"MON,TUE,WED,FRI,SAT,SUN"
22359,VAPI-ST,02:30,02:35,DOWN,"MON,TUE,WED,THU,FRI,SAT,SUN"
22359,GZB-MTC,03:08,03:16,DOWN,"MON,TUE,WED,THU,FRI,SAT,SUN"
12610,VAPI-ST,10:35,10:39,UP,"MON,WED,THU,FRI,SAT,SUN"
12610,GZB-MTC,11:24,11:28,UP,"MON,WED,THU,FRI,SAT,SUN"
22045,VAPI-ST,20:50,20:54,DOWN,"MON,TUE,WED,THU,FRI,SAT,SUN"
22045,GZB-MTC,21:36,21:44,DOWN,"MON,TUE,WED,THU,FRI,SAT,SUN"
22679,NZM-FDB,19:15,19:18,DOWN,"WED,THU,FRI,SAT,SUN"
22679,NDLS-PWL,19:48,19:54,DOWN,"WED,THU,FRI,SAT,SUN"
04130,GZB-MTC,15:40,15:46,DOWN,"TUE,WED,THU,SAT,SUN"
04130,GZB-ALJN,16:42,16:47,DOWN,"TUE,WED,THU,SAT,SUN"
12311,GZB-MTC,03:55,04:03,UP,"TUE,WED,THU,FRI,SAT,SUN"
12311,GZB-ALJN,04:57,05:05,UP,"TUE,WED,THU,FRI,SAT,SUN"
22812,PNP-UMB,02:40,02:47,DOWN,"MON,TUE,WED,THU,FRI,SAT,SUN"
22812,GZB-ALJN,03:37,03:41,DOWN,"MON,TUE,WED,THU,FRI,SAT,SUN"
12825,NZM-FDB,21:05,21:10,UP,"MON,TUE,THU,SAT,SUN"
12825,NDLS-PWL,21:55,22:00,UP,"MON,TUE,THU,SAT,SUN"
22424,DLI-DEC,20:40,20:45,UP,"MON,TUE,WED,THU,FRI,SAT,SUN"
22424,DEC-GGN,21:13,21:16,UP,"MON,TUE,WED,THU,FRI,SAT,SUN"
22224,NDLS-GZB,00:40,00:43,DOWN,"MON,THU,FRI,SAT,SUN"
22224,GZB-ALJN,01:18,01:24,DOWN,"MON,THU,FRI,SAT,SUN"
12820,NZM-FDB,18:15,18:19,UP,"TUE,WED,THU,FRI,SAT,SUN"
12820,NDLS-PWL,18:52,19:00,UP,"TUE,WED,THU,FRI,SAT,SUN"
12761,DLI-DEC,11:40,11:43,UP,"TUE,WED,THU,FRI,SAT,SUN"
12761,DEC-GGN,12:31,12:36,UP,"TUE,WED,THU,FRI,SAT,SUN"
12730,NDLS-GZB,07:00,07:03,DOWN,"MON,TUE,WED,THU,FRI,SAT"
12730,GZB-ALJN,07:53,08:01,DOWN,"MON,TUE,WED,THU,FRI,SAT"
04156,DLI-DEC,18:15,18:23,UP,"MON,TUE,WED,THU,FRI,SAT,SUN"
04156,DEC-GGN,18:53,19:01,UP,"MON,TUE,WED,THU,FRI,SAT,SUN"
04968,NDLS-GZB,09:05,09:11,UP,"MON,TUE,WED,THU,FRI,SAT,SUN"
04968,GZB-ALJN,09:40,09:44,UP,"MON,TUE,WED,THU,FRI,SAT,SUN"
04752,GZB-MTC,22:05,22:13,UP,"MON,TUE,WED,THU,FRI,SAT,SUN"
04752,GZB-ALJN,23:06,23:09,UP,"MON,TUE,WED,THU,FRI,SAT,SUN"
04695,NDLS-GZB,05:05,05:11,DOWN,"MON,TUE,WED,THU,SAT,SUN"
04695,GZB-ALJN,05:44,05:50,DOWN,"MON,TUE,WED,THU,SAT,SUN"
04027,NDLS-GZB,16:20,16:23,UP,"MON,TUE,THU,SAT,SUN"
04027,GZB-ALJN,16:54,16:57,UP,"MON,TUE,THU,SAT,SUN"
12465,DLI-DEC,12:45,12:49,DOWN,"MON,TUE,WED,THU,SAT,SUN"
12465,DEC-GGN,13:38,13:42,DOWN,"MON,TUE,WED,THU,SAT,SUN"
12974,PNP-UMB,02:55,03:02,UP,"MON,TUE,WED,THU,FRI,SAT"
12974,GZB-ALJN,03:27,03:34,UP,"MON,TUE,WED,THU,FRI,SAT"
12244,PNP-UMB,18:45,18:50,UP,"MON,TUE,THU,SAT,SUN"
12244,GZB-ALJN,19:28,19:36,UP,"MON,TUE,THU,SAT,SUN"
04621,PNP-UMB,17:30,17:37,UP,"MON,TUE,WED,THU,FRI,SAT,SUN"
04621,GZB-ALJN,18:30,18:34,UP,"MON,TUE,WED,THU,FRI,SAT,SUN"
04203,NDLS-GZB,05:55,05:58,UP,"MON,TUE,WED,FRI,SAT"
04203,GZB-ALJN,06:47,06:52,UP,"MON,TUE,WED,FRI,SAT"
12815,NZM-FDB,05:55,05:59,DOWN,"MON,TUE,WED,THU,FRI,SAT,SUN"
12815,NDLS-PWL,06:41,06:49,DOWN,"MON,TUE,WED,THU,FRI,SAT,SUN"
22842,NDLS-GZB,23:35,23:42,UP,"MON,WED,THU,FRI,SAT,SUN"
22842,GZB-ALJN,00:25,00:33,UP,"MON,WED,THU,FRI,SAT,SUN"
04276,NDLS-GZB,08:45,08:52,DOWN,"MON,TUE,WED,THU,FRI,SAT,SUN"
04276,GZB-ALJN,09:49,09:53,DOWN,"MON,TUE,WED,THU,FRI,SAT,SUN"
22249,PNP-UMB,12:35,12:43,DOWN,"MON,TUE,WED,THU,FRI,SUN"
22249,GZB-ALJN,13:11,13:15,DOWN,"MON,TUE,WED,THU,FRI,SUN"
12363,NZM-FDB,04:45,04:49,DOWN,"MON,WED,THU,FRI,SAT,SUN"
12363,NDLS-PWL,05:45,05:53,DOWN,"MON,WED,THU,FRI,SAT,SUN"
12737,GZB-MTC,22:30,22:33,UP,"TUE,WED,THU,FRI,SAT,SUN"
12737,GZB-ALJN,23:21,23:26,UP,"TUE,WED,THU,FRI,SAT,SUN"
22226,NDLS-PWL,17:55,18:00,DOWN,"TUE,WED,THU,FRI,SAT,SUN"
22226,PWL-MTJ,18:59,19:07,DOWN,"TUE,WED,THU,FRI,SAT,SUN"
22360,NDLS-PWL,03:05,03:08,DOWN,"MON,TUE,WED,THU,FRI,SAT,SUN"
22360,PWL-MTJ,03:37,03:40,DOWN,"MON,TUE,WED,THU,FRI,SAT,SUN"
12756,DLI-DEC,01:40,01:43,UP,"MON,WED,THU,FRI,SAT,SUN"
12756,DEC-GGN,02:33,02:40,UP,"MON,WED,THU,FRI,SAT,SUN"
22014,DLI-DEC,18:00,18:08,DOWN,"MON,TUE,WED,THU,FRI,SAT,SUN"
22014,DEC-GGN,18:58,19:01,DOWN,"MON,TUE,WED,THU,FRI,SAT,SUN"
12893,PNP-UMB,11:50,11:53,UP,"TUE,WED,THU,FRI,SUN"
12893,GZB-ALJN,12:37,12:40,UP,"TUE,WED,THU,FRI,SUN"
22116,GZB-MTC,06:35,06:42,UP,"MON,THU,FRI,SAT,SUN"
22116,GZB-ALJN,07:27,07:33,UP,"MON,THU,FRI,SAT,SUN"
12254,GZB-MTC,13:10,13:18,UP,"TUE,WED,THU,FRI,SUN"
12254,GZB-ALJN,14:10,14:18,UP,"TUE,WED,THU,FRI,SUN"
04439,VAPI-ST,02:25,02:29,UP,"MON,WED,THU,FRI,SAT,SUN"
04439,GZB-MTC,02:59,03:05,UP,"MON,WED,THU,FRI,SAT,SUN"
12177,NDLS-GZB,02:20,02:25,DOWN,"MON,TUE,WED,THU,FRI,SAT,SUN"
12177,GZB-ALJN,03:01,03:04,DOWN,"MON,TUE,WED,THU,FRI,SAT,SUN"
04880,NDLS-GZB,00:25,00:29,UP,"MON,TUE,WED,THU,SAT,SUN"
04880,GZB-ALJN,01:25,01:30,UP,"MON,TUE,WED,THU,SAT,SUN"
04152,GZB-MTC,07:05,07:10,DOWN,"MON,TUE,THU,FRI,SAT,SUN"
04152,GZB-ALJN,07:43,07:51,DOWN,"MON,TUE,THU,FRI,SAT,SUN"
22127,VAPI-ST,05:00,05:03,DOWN,"TUE,WED,THU,FRI,SAT,SUN"
22127,GZB-MTC,05:49,05:55,DOWN,"TUE,WED,THU,FRI,SAT,SUN"
22752,DLI-DEC,11:10,11:18,UP,"MON,WED,THU,FRI,SAT,SUN"
22752,DEC-GGN,11:47,11:53,UP,"MON,WED,THU,FRI,SAT,SUN"
04041,NZM-FDB,02:20,02:26,DOWN,"MON,WED,THU,FRI,SUN"
04041,NDLS-PWL,03:01,03:06,DOWN,"MON,WED,THU,FRI,SUN"
12481,NDLS-PWL,04:20,04:27,DOWN,"MON,TUE,WED,THU,SAT,SUN"
12481,PWL-MTJ,04:59,05:03,DOWN,"MON,TUE,WED,THU,SAT,SUN"
04967,PNP-UMB,01:50,01:53,UP,"MON,TUE,THU,FRI,SAT,SUN"
04967,GZB-ALJN,02:33,02:36,UP,"MON,TUE,THU,FRI,SAT,SUN"
04844,NZM-FDB,16:20,16:24,DOWN,"MON,THU,FRI,SAT,SUN"
04844,NDLS-PWL,17:00,17:03,DOWN,"MON,THU,FRI,SAT,SUN"
22640,GZB-MTC,09:30,09:35,DOWN,"MON,TUE,WED,THU,SAT,SUN"
22640,GZB-ALJN,10:15,10:21,DOWN,"MON,TUE,WED,THU,SAT,SUN"
12029,PNP-UMB,11:30,11:33,DOWN,"MON,TUE,WED,THU,FRI,SAT,SUN"
12029,GZB-ALJN,12:21,12:24,DOWN,"MON,TUE,WED,THU,FRI,SAT,SUN"
12663,GZB-MTC,07:35,07:39,UP,"TUE,WED,THU,FRI,SAT"
12663,GZB-ALJN,08:37,08:40,UP,"TUE,WED,THU,FRI,SAT"
22564,NZM-FDB,19:50,19:55,UP,"MON,TUE,THU,FRI,SAT"
22564,NDLS-PWL,20:39,20:44,UP,"MON,TUE,THU,FRI,SAT"
04273,NDLS-GZB,00:20,00:25,DOWN,"MON,WED,THU,SAT,SUN"
04273,GZB-ALJN,01:02,01:07,DOWN,"MON,WED,THU,SAT,SUN"
22565,GZB-MTC,10:20,10:26,DOWN,"MON,TUE,WED,THU,FRI,SAT,SUN"
22565,GZB-ALJN,11:14,11:21,DOWN,"MON,TUE,WED,THU,FRI,SAT,SUN"
12325,NZM-FDB,23:15,23:19,UP,"MON,TUE,WED,THU,FRI,SAT,SUN"
12325,NDLS-PWL,23:53,23:56,UP,"MON,TUE,WED,THU,FRI,SAT,SUN"
04339,NZM-FDB,09:55,10:02,UP,"MON,THU,FRI,SAT,SUN"
04339,NDLS-PWL,10:49,10:57,UP,"MON,THU,FRI,SAT,SUN"
12480,VAPI-ST,14:15,14:18,UP,"MON,TUE,WED,THU,FRI,SUN"
12480,GZB-MTC,15:07,15:15,UP,"MON,TUE,WED,THU,FRI,SUN"
04036,PNP-UMB,04:25,04:29,DOWN,"MON,TUE,WED,THU,FRI,SAT,SUN"
04036,GZB-ALJN,05:27,05:31,DOWN,"MON,TUE,WED,THU,FRI,SAT,SUN"
22170,NZM-FDB,02:30,02:34,DOWN,"MON,TUE,WED,THU,FRI,SAT,SUN"
22170,NDLS-PWL,03:16,03:19,DOWN,"MON,TUE,WED,THU,FRI,SAT,SUN"
04421,NDLS-GZB,22:10,22:16,UP,"MON,TUE,WED,THU,FRI,SAT,SUN"
04421,GZB-ALJN,23:04,23:10,UP,"MON,TUE,WED,THU,FRI,SAT,SUN"
12472,PNP-UMB,04:00,04:07,UP,"MON,TUE,WED,THU,FRI,SAT,SUN"
12472,GZB-ALJN,04:40,04:48,UP,"MON,TUE,WED,THU,FRI,SAT,SUN"
22654,VAPI-ST,03:10,03:17,DOWN,"MON,TUE,WED,THU,SAT,SUN"
22654,GZB-MTC,03:45,03:51,DOWN,"MON,TUE,WED,THU,SAT,SUN"
22585,PNP-UMB,10:05,10:10,UP,"MON,TUE,WED,FRI,SAT,SUN"
22585,GZB-ALJN,10:51,10:56,UP,"MON,TUE,WED,FRI,SAT,SUN"
04763,VAPI-ST,13:55,14:00,DOWN,"MON,TUE,WED,THU,SAT,SUN"
04763,GZB-MTC,14:53,14:58,DOWN,"MON,TUE,WED,THU,SAT,SUN"
04099,NDLS-PWL,08:35,08:39,UP,"MON,TUE,WED,THU,FRI,SAT,SUN"
04099,PWL-MTJ,09:10,09:14,UP,"MON,TUE,WED,THU,FRI,SAT,SUN"
04425,NDLS-GZB,19:10,19:16,UP,"TUE,WED,THU,FRI,SUN"
04425,GZB-ALJN,20:01,20:07,UP,"TUE,WED,THU,FRI,SUN"
22935,NDLS-GZB,08:50,08:56,DOWN,"MON,TUE,WED,THU,SAT,SUN"
22935,GZB-ALJN,09:40,09:46,DOWN,"MON,TUE,WED,THU,SAT,SUN"
04374,DLI-DEC,03:50,03:54,UP,"MON,WED,THU,SAT,SUN"
04374,DEC-GGN,04:38,04:46,UP,"MON,WED,THU,SAT,SUN"
04390,PNP-UMB,09:10,09:15,UP,"MON,TUE,WED,THU,FRI,SAT,SUN"
04390,GZB-ALJN,09:49,09:52,UP,"MON,TUE,WED,THU,FRI,SAT,SUN"
04309,PNP-UMB,15:10,15:16,UP,"MON,TUE,WED,THU,FRI,SAT,SUN"
04309,GZB-ALJN,16:13,16:16,UP,"MON,TUE,WED,THU,FRI,SAT,SUN"
12397,PNP-UMB,11:05,11:09,DOWN,"MON,WED,THU,FRI,SAT,SUN"
12397,GZB-ALJN,11:35,11:41,DOWN,"MON,WED,THU,FRI,SAT,SUN"
04417,VAPI-ST,23:40,23:48,DOWN,"MON,TUE,WED,THU,FRI,SAT"
04417,GZB-MTC,00:48,00:52,DOWN,"MON,TUE,WED,THU,FRI,SAT"
04376,NDLS-GZB,04:20,04:24,DOWN,"MON,TUE,WED,THU,FRI,SAT,SUN"
04376,GZB-ALJN,04:56,04:59,DOWN,"MON,TUE,WED,THU,FRI,SAT,SUN"
04217,NDLS-GZB,05:30,05:34,UP,"MON,TUE,WED,THU,FRI,SAT,SUN"
04217,GZB-ALJN,06:24,06:29,UP,"MON,TUE,WED,THU,FRI,SAT,SUN"
04212,PNP-UMB,11:00,11:03,UP,"MON,TUE,WED,THU,FRI,SAT,SUN"
04212,GZB-ALJN,11:29,11:32,UP,"MON,TUE,WED,THU,FRI,SAT,SUN"
04256,NDLS-PWL,05:25,05:28,DOWN,"MON,TUE,FRI,SAT,SUN"
04256,PWL-MTJ,06:14,06:17,DOWN,"MON,TUE,FRI,SAT,SUN"
22016,NDLS-GZB,02:05,02:09,DOWN,"MON,TUE,WED,THU,SUN"
22016,GZB-ALJN,03:01,03:09,DOWN,"MON,TUE,WED,THU,SUN"
22796,NZM-FDB,01:15,01:21,DOWN,"MON,WED,THU,FRI,SAT,SUN"
22796,NDLS-PWL,02:13,02:17,DOWN,"MON,WED,THU,FRI,SAT,SUN"
22469,DLI-DEC,07:55,08:00,UP,"MON,TUE,WED,THU,FRI,SAT,SUN"
22469,DEC-GGN,08:42,08:48,UP,"MON,TUE,WED,THU,FRI,SAT,SUN"
12329,NDLS-PWL,10:25,10:33,UP,"MON,TUE,WED,THU,FRI,SAT,SUN"
12329,PWL-MTJ,11:16,11:22,UP,"MON,TUE,WED,THU,FRI,SAT,SUN"
22517,NZM-FDB,02:35,02:38,DOWN,"MON,TUE,WED,THU,FRI,SAT,SUN"
22517,NDLS-PWL,03:20,03:26,DOWN,"MON,TUE,WED,THU,FRI,SAT,SUN"
22747,NDLS-PWL,08:30,08:38,DOWN,"TUE,WED,THU,FRI,SUN"
22747,PWL-MTJ,09:36,09:40,DOWN,"TUE,WED,THU,FRI,SUN"
12093,PNP-UMB,16:15,16:23,UP,"MON,WED,THU,FRI,SUN"
12093,GZB-ALJN,17:10,17:16,UP,"MON,WED,THU,FRI,SUN"
04337,GZB-MTC,14:40,14:47,DOWN,"MON,TUE,WED,THU,FRI,SAT,SUN"
04337,GZB-ALJN,15:44,15:49,DOWN,"MON,TUE,WED,THU,FRI,SAT,SUN"
04519,NZM-FDB,07:40,07:43,DOWN,"MON,TUE,THU,SAT,SUN"
04519,NDLS-PWL,08:28,08:35,DOWN,"MON,TUE,THU,SAT,SUN"
12780,NDLS-PWL,11:55,11:58,UP,"MON,TUE,WED,THU,FRI,SAT"
12780,PWL-MTJ,12:53,13:00,UP,"MON,TUE,WED,THU,FRI,SAT"
22006,DLI-DEC,06:45,06:48,UP,"MON,TUE,THU,FRI,SUN"
22006,DEC-GGN,07:28,07:36,UP,"MON,TUE,THU,FRI,SUN"
12764,NDLS-PWL,22:45,22:53,DOWN,"MON,TUE,WED,THU,FRI,SAT,SUN"
12764,PWL-MTJ,23:21,23:25,DOWN,"MON,TUE,WED,THU,FRI,SAT,SUN"
04086,GZB-MTC,15:05,15:09,DOWN,"MON,TUE,WED,FRI,SUN"
04086,GZB-ALJN,15:45,15:49,DOWN,"MON,TUE,WED,FRI,SUN"
22621,GZB-MTC,15:15,15:22,DOWN,"MON,TUE,WED,THU,FRI,SAT"
22621,GZB-ALJN,15:48,15:56,DOWN,"MON,TUE,WED,THU,FRI,SAT"
22539,PNP-UMB,06:00,06:07,DOWN,"MON,TUE,WED,THU,FRI,SAT,SUN"
22539,GZB-ALJN,06:44,06:50,DOWN,"MON,TUE,WED,THU,FRI,SAT,SUN"
22296,GZB-MTC,07:25,07:31,DOWN,"MON,WED,THU,FRI,SAT,SUN"
22296,GZB-ALJN,07:58,08:01,DOWN,"MON,WED,THU,FRI,SAT,SUN"
04572,NDLS-GZB,09:20,09:23,UP,"MON,TUE,WED,THU,FRI,SAT,SUN"
04572,GZB-ALJN,10:21,10:27,UP,"MON,TUE,WED,THU,FRI,SAT,SUN"
04587,NDLS-GZB,08:35,08:39,DOWN,"MON,TUE,WED,THU,SAT,SUN"
04587,GZB-ALJN,09:25,09:33,DOWN,"MON,TUE,WED,THU,SAT,SUN"
04471,NDLS-PWL,02:30,02:33,DOWN,"MON,TUE,WED,THU,FRI,SAT,SUN"
04471,PWL-MTJ,03:07,03:14,DOWN,"MON,TUE,WED,THU,FRI,SAT,SUN"
04347,PNP-UMB,04:40,04:47,UP,"MON,TUE,WED,FRI,SUN"
04347,GZB-ALJN,05:35,05:38,UP,"MON,TUE,WED,FRI,SUN"
22744,DLI-DEC,04:15,04:20,DOWN,"MON,TUE,WED,THU,FRI,SAT,SUN"
22744,DEC-GGN,05:04,05:09,DOWN,"MON,TUE,WED,THU,FRI,SAT,SUN"
12791,NDLS-PWL,18:35,18:43,UP,"MON,TUE,WED,THU,FRI,SAT,SUN"
12791,PWL-MTJ,19:39,19:47,UP,"MON,TUE,WED,THU,FRI,SAT,SUN"
22646,DLI-DEC,23:55,00:03,UP,"MON,TUE,WED,THU,FRI,SUN"
22646,DEC-GGN,00:50,00:54,UP,"MON,TUE,WED,THU,FRI,SUN"
12377,PNP-UMB,16:05,16:10,UP,"MON,TUE,THU,FRI,SAT,SUN"
12377,GZB-ALJN,16:53,16:57,UP,"MON,TUE,THU,FRI,SAT,SUN"
22619,NDLS-PWL,16:40,16:47,UP,"MON,TUE,THU,FRI,SAT,SUN"
22619,PWL-MTJ,17:14,17:18,UP,"MON,TUE,THU,FRI,SAT,SUN"
04176,GZB-MTC,09:25,09:33,DOWN,"TUE,WED,THU,FRI,SAT"
04176,GZB-ALJN,10:04,10:10,DOWN,"TUE,WED,THU,FRI,SAT"
22939,NDLS-PWL,03:15,03:19,DOWN,"MON,TUE,WED,THU,FRI,SUN"
22939,PWL-MTJ,04:06,04:11,DOWN,"MON,TUE,WED,THU,FRI,SUN"
04395,NDLS-PWL,14:15,14:21,UP,"MON,TUE,WED,THU,FRI,SAT"
04395,PWL-MTJ,14:46,14:51,UP,"MON,TUE,WED,THU,FRI,SAT"
22990,NDLS-PWL,02:50,02:55,UP,"MON,TUE,WED,THU,FRI,SAT,SUN"
22990,PWL-MTJ,03:36,03:39,UP,"MON,TUE,WED,THU,FRI,SAT,SUN"
12686,PNP-UMB,02:00,02:06,UP,"MON,TUE,WED,THU,FRI,SAT,SUN"
12686,GZB-ALJN,02:59,03:07,UP,"MON,TUE,WED,THU,FRI,SAT,SUN"
12349,NZM-FDB,17:35,17:41,UP,"MON,TUE,THU,FRI,SAT,SUN"
12349,NDLS-PWL,18:30,18:35,UP,"MON,TUE,THU,FRI,SAT,SUN"
04855,GZB-MTC,04:15,04:21,DOWN,"MON,TUE,WED,THU,FRI,SAT,SUN"
04855,GZB-ALJN,05:00,05:04,DOWN,"MON,TUE,WED,THU,FRI,SAT,SUN"
12420,NZM-FDB,01:25,01:30,UP,"TUE,WED,THU,FRI,SAT,SUN"
12420,NDLS-PWL,01:56,02:01,UP,"TUE,WED,THU,FRI,SAT,SUN"
04244,DLI-DEC,03:05,03:10,UP,"TUE,WED,THU,FRI,SAT,SUN"
04244,DEC-GGN,03:45,03:51,UP,"TUE,WED,THU,FRI,SAT,SUN"
04540,NDLS-PWL,23:20,23:23,UP,"MON,TUE,THU,FRI,SAT,SUN"
04540,PWL-MTJ,00:09,00:16,UP,"MON,TUE,THU,FRI,SAT,SUN"
12728,GZB-MTC,01:15,01:21,DOWN,"MON,TUE,WED,THU,FRI,SAT,SUN"
12728,GZB-ALJN,01:56,02:03,DOWN,"MON,TUE,WED,THU,FRI,SAT,SUN"
12969,NZM-FDB,02:15,02:18,UP,"MON,TUE,WED,THU,SUN"
12969,NDLS-PWL,03:04,03:08,UP,"MON,TUE,WED,THU,SUN"
12395,NDLS-PWL,23:35,23:43,DOWN,"MON,TUE,WED,FRI,SUN"
12395,PWL-MTJ,00:42,00:47,DOWN,"MON,TUE,WED,FRI,SUN"
12140,PNP-UMB,12:40,12:44,DOWN,"TUE,WED,THU,FRI,SAT"
12140,GZB-ALJN,13:15,13:18,DOWN,"TUE,WED,THU,FRI,SAT"
22220,NZM-FDB,06:30,06:33,DOWN,"MON,THU,FRI,SAT,SUN"
22220,NDLS-PWL,07:21,07:24,DOWN,"MON,THU,FRI,SAT,SUN"
12048,NZM-FDB,12:30,12:38,UP,"MON,THU,FRI,SAT,SUN"
12048,NDLS-PWL,13:33,13:37,UP,"MON,THU,FRI,SAT,SUN"
04016,NDLS-GZB,08:45,08:49,UP,"MON,TUE,WED,THU,FRI,SAT,SUN"
04016,GZB-ALJN,09:32,09:35,UP,"MON,TUE,WED,THU,FRI,SAT,SUN"
22191,NZM-FDB,13:05,13:11,UP,"MON,TUE,WED,THU,FRI,SAT,SUN"
22191,NDLS-PWL,14:06,14:12,UP,"MON,TUE,WED,THU,FRI,SAT,SUN"
22259,PNP-UMB,03:50,03:58,DOWN,"MON,TUE,WED,THU,FRI,SAT,SUN"
22259,GZB-ALJN,04:57,05:03,DOWN,"MON,TUE,WED,THU,FRI,SAT,SUN"
22833,NDLS-PWL,16:15,16:20,DOWN,"MON,TUE,WED,THU,FRI,SAT,SUN"
22833,PWL-MTJ,16:56,17:02,DOWN,"MON,TUE,WED,THU,FRI,SAT,SUN"
22206,NDLS-GZB,18:45,18:51,DOWN,"MON,TUE,WED,SAT,SUN"
22206,GZB-ALJN,19:32,19:36,DOWN,"MON,TUE,WED,SAT,SUN"
22037,VAPI-ST,02:35,02:39,DOWN,"MON,TUE,WED,THU,FRI,SAT,SUN"
22037,GZB-MTC,03:10,03:13,DOWN,"MON,TUE,WED,THU,FRI,SAT,SUN"
22761,PNP-UMB,23:05,23:11,DOWN,"TUE,WED,THU,FRI,SAT,SUN"
22761,GZB-ALJN,23:50,23:57,DOWN,"TUE,WED,THU,FRI,SAT,SUN"
12744,NDLS-GZB,22:15,22:21,DOWN,"MON,TUE,WED,THU,FRI,SAT"
12744,GZB-ALJN,23:20,23:28,DOWN,"MON,TUE,WED,THU,FRI,SAT"
04302,VAPI-ST,10:00,10:06,DOWN,"TUE,WED,THU,FRI,SAT,SUN"
04302,GZB-MTC,10:50,10:53,DOWN,"TUE,WED,THU,FRI,SAT,SUN"
04445,NZM-FDB,21:25,21:32,UP,"MON,TUE,THU,FRI,SAT,SUN"
04445,NDLS-PWL,22:30,22:37,UP,"MON,TUE,THU,FRI,SAT,SUN"
04800,PNP-UMB,05:05,05:11,UP,"MON,TUE,WED,THU,SAT,SUN"
04800,GZB-ALJN,05:47,05:51,UP,"MON,TUE,WED,THU,SAT,SUN"
12695,NDLS-PWL,05:20,05:23,UP,"MON,WED,THU,FRI,SAT,SUN"
12695,PWL-MTJ,06:15,06:18,UP,"MON,WED,THU,FRI,SAT,SUN"
04285,PNP-UMB,08:35,08:43,DOWN,"MON,TUE,WED,THU,SUN"
04285,GZB-ALJN,09:17,09:24,DOWN,"MON,TUE,WED,THU,SUN"
22793,DLI-DEC,02:50,02:53,DOWN,"TUE,WED,THU,FRI,SAT,SUN"
22793,DEC-GGN,03:42,03:49,DOWN,"TUE,WED,THU,FRI,SAT,SUN"
22176,NZM-FDB,11:45,11:52,DOWN,"MON,TUE,WED,THU,FRI,SAT,SUN"
22176,NDLS-PWL,12:46,12:49,DOWN,"MON,TUE,WED,THU,FRI,SAT,SUN"
22520,VAPI-ST,04:45,04:51,DOWN,"MON,TUE,THU,FRI,SAT"
22520,GZB-MTC,05:25,05:29,DOWN,"MON,TUE,THU,FRI,SAT"
22478,GZB-MTC,04:30,04:37,UP,"MON,TUE,WED,THU,FRI,SAT,SUN"
22478,GZB-ALJN,05:08,05:13,UP,"MON,TUE,WED,THU,FRI,SAT,SUN"
12128,VAPI-ST,17:30,17:35,DOWN,"MON,TUE,WED,THU,FRI,SAT"
12128,GZB-MTC,18:24,18:32,DOWN,"MON,TUE,WED,THU,FRI,SAT"
22514,NZM-FDB,01:35,01:39,DOWN,"MON,TUE,THU,FRI,SUN"
22514,NDLS-PWL,02:21,02:27,DOWN,"MON,TUE,THU,FRI,SUN"
22970,NDLS-PWL,01:35,01:41,DOWN,"MON,TUE,WED,THU,FRI,SAT,SUN"
22970,PWL-MTJ,02:27,02:35,DOWN,"MON,TUE,WED,THU,FRI,SAT,SUN"
12514,NDLS-PWL,20:15,20:20,UP,"MON,TUE,WED,THU,FRI,SAT,SUN"
12514,PWL-MTJ,21:08,21:11,UP,"MON,TUE,WED,THU,FRI,SAT,SUN"
12971,DLI-DEC,13:15,13:20,DOWN,"MON,TUE,WED,THU,FRI,SAT,SUN"
12971,DEC-GGN,14:16,14:24,DOWN,"MON,TUE,WED,THU,FRI,SAT,SUN"
22657,PNP-UMB,09:40,09:44,UP,"MON,TUE,WED,THU,SAT,SUN"
22657,GZB-ALJN,10:28,10:36,UP,"MON,TUE,WED,THU,SAT,SUN"
22495,NZM-FDB,11:25,11:33,DOWN,"TUE,WED,THU,FRI,SAT,SUN"
22495,NDLS-PWL,12:24,12:31,DOWN,"TUE,WED,THU,FRI,SAT,SUN"
12778,PNP-UMB,08:00,08:06,UP,"MON,TUE,WED,FRI,SAT,SUN"
12778,GZB-ALJN,08:44,08:50,UP,"MON,TUE,WED,FRI,SAT,SUN"
12099,PNP-UMB,22:00,22:05,DOWN,"MON,WED,THU,FRI,SAT"
12099,GZB-ALJN,22:33,22:40,DOWN,"MON,WED,THU,FRI,SAT"
04320,VAPI-ST,02:45,02:50,UP,"TUE,THU,FRI,SAT,SUN"
04320,GZB-MTC,03:47,03:53,UP,"TUE,THU,FRI,SAT,SUN"
12967,NDLS-PWL,07:20,07:24,UP,"TUE,WED,THU,FRI,SAT,SUN"
12967,PWL-MTJ,08:01,08:04,UP,"TUE,WED,THU,FRI,SAT,SUN"
04903,NDLS-PWL,19:25,19:28,UP,"MON,TUE,WED,THU,FRI,SAT,SUN"
04903,PWL-MTJ,20:16,20:24,UP,"MON,TUE,WED,THU,FRI,SAT,SUN"
22374,NDLS-PWL,15:40,15:46,DOWN,"MON,TUE,THU,FRI,SUN"
22374,PWL-MTJ,16:43,16:49,DOWN,"MON,TUE,THU,FRI,SUN"
04461,PNP-UMB,01:15,01:19,UP,"MON,TUE,WED,THU,FRI,SAT,SUN"
04461,GZB-ALJN,02:07,02:13,UP,"MON,TUE,WED,THU,FRI,SAT,SUN"
22773,GZB-MTC,07:30,07:36,DOWN,"TUE,WED,THU,FRI,SAT"
22773,GZB-ALJN,08:36,08:41,DOWN,"TUE,WED,THU,FRI,SAT"
04341,DLI-DEC,11:00,11:08,UP,"TUE,WED,THU,FRI,SAT,SUN"
04341,DEC-GGN,11:38,11:43,UP,"TUE,WED,THU,FRI,SAT,SUN"
04344,NDLS-GZB,02:05,02:09,DOWN,"MON,TUE,WED,THU,FRI,SAT,SUN"
04344,GZB-ALJN,02:47,02:51,DOWN,"MON,TUE,WED,THU,FRI,SAT,SUN"
04112,PNP-UMB,08:45,08:50,UP,"MON,TUE,WED,THU,FRI,SUN"
04112,GZB-ALJN,09:41,09:48,UP,"MON,TUE,WED,THU,FRI,SUN"
12536,NDLS-GZB,20:10,20:14,UP,"MON,TUE,WED,THU,FRI,SAT,SUN"
12536,GZB-ALJN,20:50,20:57,UP,"MON,TUE,WED,THU,FRI,SAT,SUN"
12019,VAPI-ST,09:30,09:35,UP,"MON,TUE,WED,THU,SAT,SUN"
12019,GZB-MTC,10:19,10:27,UP,"MON,TUE,WED,THU,SAT,SUN"
22893,PNP-UMB,18:00,18:06,DOWN,"MON,TUE,WED,THU,FRI,SAT,SUN"
22893,GZB-ALJN,18:53,18:59,DOWN,"MON,TUE,WED,THU,FRI,SAT,SUN"
22934,DLI-DEC,19:50,19:55,UP,"MON,TUE,WED,THU,FRI,SAT,SUN"
22934,DEC-GGN,20:53,21:00,UP,"MON,TUE,WED,THU,FRI,SAT,SUN"
22230,NZM-FDB,00:15,00:22,UP,"TUE,WED,THU,FRI,SAT,SUN"
22230,NDLS-PWL,01:10,01:17,UP,"TUE,WED,THU,FRI,SAT,SUN"
12587,PNP-UMB,12:40,12:48,DOWN,"MON,TUE,WED,THU,FRI,SAT,SUN"
12587,GZB-ALJN,13:19,13:25,DOWN,"MON,TUE,WED,THU,FRI,SAT,SUN"
22946,NDLS-GZB,11:45,11:53,DOWN,"MON,TUE,WED,THU,FRI,SAT"
22946,GZB-ALJN,12:38,12:43,DOWN,"MON,TUE,WED,THU,FRI,SAT"
12111,DLI-DEC,08:00,08:04,DOWN,"MON,TUE,WED,THU,FRI,SAT,SUN"
12111,DEC-GGN,09:02,09:06,DOWN,"MON,TUE,WED,THU,FRI,SAT,SUN"
04483,NDLS-GZB,13:35,13:43,DOWN,"MON,TUE,THU,SAT,SUN"
04483,GZB-ALJN,14:16,14:24,DOWN,"MON,TUE,THU,SAT,SUN"
04204,NDLS-GZB,12:35,12:40,DOWN,"MON,WED,THU,FRI,SAT,SUN"
04204,GZB-ALJN,13:31,13:37,DOWN,"MON,WED,THU,FRI,SAT,SUN"
12427,NZM-FDB,08:05,08:10,UP,"MON,TUE,WED,THU,SAT"
12427,NDLS-PWL,08:49,08:57,UP,"MON,TUE,WED,THU,SAT"
12305,GZB-MTC,15:15,15:22,DOWN,"MON,TUE,WED,THU,FRI,SAT,SUN"
12305,GZB-ALJN,16:06,16:10,DOWN,"MON,TUE,WED,THU,FRI,SAT,SUN"
12828,VAPI-ST,12:30,12:33,UP,"TUE,WED,THU,FRI,SUN"
12828,GZB-MTC,13:28,13:32,UP,"TUE,WED,THU,FRI,SUN"
22581,PNP-UMB,23:50,23:54,DOWN,"MON,TUE,WED,THU,FRI,SAT,SUN"
22581,GZB-ALJN,00:40,00:48,DOWN,"MON,TUE,WED,THU,FRI,SAT,SUN"
12488,NDLS-GZB,15:05,15:09,UP,"MON,TUE,WED,THU,SAT,SUN"
12488,GZB-ALJN,15:53,15:59,UP,"MON,TUE,WED,THU,SAT,SUN"
04740,VAPI-ST,15:50,15:55,DOWN,"MON,TUE,WED,THU,FRI,SAT,SUN"
04740,GZB-MTC,16:38,16:44,DOWN,"MON,TUE,WED,THU,FRI,SAT,SUN"
04788,VAPI-ST,20:00,20:03,UP,"MON,WED,THU,FRI,SAT,SUN"
04788,GZB-MTC,20:32,20:38,UP,"MON,WED,THU,FRI,SAT,SUN"
12765,NDLS-PWL,16:15,16:22,UP,"MON,TUE,WED,THU,FRI,SAT,SUN"
12765,PWL-MTJ,17:06,17:12,UP,"MON,TUE,WED,THU,FRI,SAT,SUN"
04457,NDLS-GZB,05:50,05:54,UP,"MON,TUE,WED,THU,FRI,SAT,SUN"
04457,GZB-ALJN,06:40,06:46,UP,"MON,TUE,WED,THU,FRI,SAT,SUN"
12696,GZB-MTC,06:05,06:10,DOWN,"MON,WED,THU,FRI,SAT"
12696,GZB-ALJN,06:46,06:49,DOWN,"MON,WED,THU,FRI,SAT"
12525,NZM-FDB,07:30,07:35,DOWN,"MON,TUE,WED,THU,FRI,SUN"
12525,NDLS-PWL,08:03,08:06,DOWN,"MON,TUE,WED,THU,FRI,SUN"
12763,NZM-FDB,08:55,08:59,DOWN,"MON,TUE,THU,FRI,SAT"
12763,NDLS-PWL,09:34,09:40,DOWN,"MON,TUE,THU,FRI,SAT"
12956,VAPI-ST,05:30,05:37,UP,"MON,TUE,WED,THU,FRI,SUN"
12956,GZB-MTC,06:29,06:37,UP,"MON,TUE,WED,THU,FRI,SUN"
22384,NZM-FDB,18:15,18:21,DOWN,"TUE,WED,FRI,SAT,SUN"
22384,NDLS-PWL,19:10,19:13,DOWN,"TUE,WED,FRI,SAT,SUN"
04402,NDLS-GZB,15:55,15:58,UP,"MON,TUE,WED,THU,FRI,SAT,SUN"
04402,GZB-ALJN,16:43,16:50,UP,"MON,TUE,WED,THU,FRI,SAT,SUN"
04388,NDLS-PWL,00:10,00:18,UP,"TUE,WED,THU,SAT,SUN"
04388,PWL-MTJ,00:58,01:02,UP,"TUE,WED,THU,SAT,SUN"
12676,PNP-UMB,13:15,13:19,DOWN,"MON,TUE,WED,FRI,SAT,SUN"
12676,GZB-ALJN,13:50,13:56,DOWN,"MON,TUE,WED,FRI,SAT,SUN"
04720,GZB-MTC,07:05,07:08,DOWN,"MON,TUE,THU,SAT,SUN"
04720,GZB-ALJN,07:35,07:40,DOWN,"MON,TUE,THU,SAT,SUN"
12515,DLI-DEC,22:10,22:17,DOWN,"TUE,WED,THU,FRI,SAT,SUN"
12515,DEC-GGN,23:15,23:20,DOWN,"TUE,WED,THU,FRI,SAT,SUN"
12423,NZM-FDB,14:35,14:41,UP,"MON,TUE,WED,THU,FRI,SUN"
12423,NDLS-PWL,15:28,15:32,UP,"MON,TUE,WED,THU,FRI,SUN"
04687,NDLS-PWL,00:45,00:49,DOWN,"MON,TUE,WED,THU,FRI,SUN"
04687,PWL-MTJ,01:28,01:36,DOWN,"MON,TUE,WED,THU,FRI,SUN"
22246,NDLS-PWL,00:55,01:02,UP,"MON,TUE,WED,THU,SAT"
22246,PWL-MTJ,01:59,02:03,UP,"MON,TUE,WED,THU,SAT"
04137,NDLS-GZB,01:35,01:41,DOWN,"MON,TUE,WED,THU,SAT,SUN"
04137,GZB-ALJN,02:22,02:29,DOWN,"MON,TUE,WED,THU,SAT,SUN"
04741,GZB-MTC,02:00,02:08,UP,"MON,WED,THU,FRI,SUN"
04741,GZB-ALJN,02:39,02:47,UP,"MON,WED,THU,FRI,SUN"
04222,VAPI-ST,02:00,02:08,UP,"MON,TUE,WED,THU,FRI,SAT"
04222,GZB-MTC,02:40,02:46,UP,"MON,TUE,WED,THU,FRI,SAT"
12712,NZM-FDB,05:15,05:22,DOWN,"MON,TUE,WED,THU,FRI,SAT,SUN"
12712,NDLS-PWL,06:03,06:09,DOWN,"MON,TUE,WED,THU,FRI,SAT,SUN"
22267,PNP-UMB,08:45,08:53,UP,"MON,TUE,WED,THU,FRI,SAT"
22267,GZB-ALJN,09:18,09:23,UP,"MON,TUE,WED,THU,FRI,SAT"
22320,NZM-FDB,22:10,22:15,UP,"MON,TUE,THU,FRI,SAT,SUN"
22320,NDLS-PWL,22:48,22:54,UP,"MON,TUE,THU,FRI,SAT,SUN"
04427,VAPI-ST,21:45,21:53,UP,"MON,TUE,WED,THU,SAT,SUN"
04427,GZB-MTC,22:25,22:30,UP,"MON,TUE,WED,THU,SAT,SUN"
22989,NDLS-GZB,21:10,21:14,UP,"MON,TUE,WED,THU,FRI,SAT,SUN"
22989,GZB-ALJN,21:51,21:56,UP,"MON,TUE,WED,THU,FRI,SAT,SUN"
12938,VAPI-ST,15:15,15:23,UP,"MON,TUE,WED,THU,FRI,SAT,SUN"
12938,GZB-MTC,16:14,16:19,UP,"MON,TUE,WED,THU,FRI,SAT,SUN"
12724,NDLS-PWL,23:20,23:26,UP,"MON,TUE,THU,FRI,SAT"
12724,PWL-MTJ,00:04,00:12,UP,"MON,TUE,THU,FRI,SAT"
22675,NZM-FDB,10:00,10:03,DOWN,"MON,WED,THU,FRI,SAT,SUN"
22675,NDLS-PWL,10:28,10:36,DOWN,"MON,WED,THU,FRI,SAT,SUN"
22017,NDLS-GZB,21:00,21:04,UP,"MON,TUE,WED,THU,FRI,SAT,SUN"
22017,GZB-ALJN,21:34,21:41,UP,"MON,TUE,WED,THU,FRI,SAT,SUN"
22814,NDLS-GZB,10:55,11:03,UP,"MON,WED,THU,FRI,SAT,SUN"
22814,GZB-ALJN,11:42,11:48,UP,"MON,WED,THU,FRI,SAT,SUN"
04847,DLI-DEC,19:45,19:48,DOWN,"MON,TUE,FRI,SAT,SUN"
04847,DEC-GGN,20:19,20:23,DOWN,"MON,TUE,FRI,SAT,SUN"
12652,VAPI-ST,12:20,12:25,UP,"MON,TUE,THU,SAT,SUN"
12652,GZB-MTC,13:10,13:16,UP,"MON,TUE,THU,SAT,SUN"
12916,PNP-UMB,04:00,04:03,UP,"MON,TUE,WED,THU,FRI,SAT,SUN"
12916,GZB-ALJN,04:28,04:32,UP,"MON,TUE,WED,THU,FRI,SAT,SUN"
04673,PNP-UMB,14:00,14:05,UP,"MON,TUE,WED,SAT,SUN"
04673,GZB-ALJN,14:58,15:05,UP,"MON,TUE,WED,SAT,SUN"
22166,DLI-DEC,15:50,15:55,UP,"MON,TUE,WED,THU,FRI,SAT,SUN"
22166,DEC-GGN,16:31,16:34,UP,"MON,TUE,WED,THU,FRI,SAT,SUN"
12447,NZM-FDB,19:25,19:30,DOWN,"MON,TUE,WED,THU,SUN"
12447,NDLS-PWL,20:19,20:27,DOWN,"MON,TUE,WED,THU,SUN"
22233,VAPI-ST,17:55,18:03,DOWN,"TUE,WED,THU,FRI,SAT,SUN"
22233,GZB-MTC,18:38,18:41,DOWN,"TUE,WED,THU,FRI,SAT,SUN"
12075,NDLS-PWL,06:45,06:48,UP,"TUE,WED,THU,SAT,SUN"
12075,PWL-MTJ,07:39,07:46,UP,"TUE,WED,THU,SAT,SUN"
12005,NZM-FDB,07:40,07:47,DOWN,"MON,WED,THU,FRI,SAT,SUN"
12005,NDLS-PWL,08:36,08:41,DOWN,"MON,WED,THU,FRI,SAT,SUN"
04524,GZB-MTC,05:30,05:36,UP,"MON,WED,THU,FRI,SAT,SUN"
04524,GZB-ALJN,06:32,06:35,UP,"MON,WED,THU,FRI,SAT,SUN"
12298,NZM-FDB,01:55,01:58,DOWN,"MON,TUE,WED,THU,FRI,SAT"
12298,NDLS-PWL,02:39,02:47,DOWN,"MON,TUE,WED,THU,FRI,SAT"
22308,DLI-DEC,22:20,22:28,UP,"MON,TUE,WED,THU,SAT,SUN"
22308,DEC-GGN,23:07,23:15,UP,"MON,TUE,WED,THU,SAT,SUN"
22257,VAPI-ST,22:05,22:12,DOWN,"TUE,THU,FRI,SAT,SUN"
22257,GZB-MTC,22:43,22:49,DOWN,"TUE,THU,FRI,SAT,SUN"
22340,PNP-UMB,20:30,20:35,UP,"MON,TUE,WED,THU,FRI,SAT,SUN"
22340,GZB-ALJN,21:24,21:28,UP,"MON,TUE,WED,THU,FRI,SAT,SUN"
22321,VAPI-ST,00:25,00:33,UP,"WED,THU,FRI,SAT,SUN"
22321,GZB-MTC,01:08,01:15,UP,"WED,THU,FRI,SAT,SUN"
22836,VAPI-ST,21:05,21:09,DOWN,"MON,TUE,WED,FRI,SAT,SUN"
22836,GZB-MTC,21:38,21:44,DOWN,"MON,TUE,WED,FRI,SAT,SUN"
04472,DLI-DEC,14:05,14:10,UP,"MON,TUE,WED,THU,FRI,SAT,SUN"
04472,DEC-GGN,14:38,14:45,UP,"MON,TUE,WED,THU,FRI,SAT,SUN"
04157,NDLS-PWL,17:10,17:14,DOWN,"MON,TUE,WED,THU,FRI,SAT,SUN"
04157,PWL-MTJ,17:44,17:50,DOWN,"MON,TUE,WED,THU,FRI,SAT,SUN"
04037,NZM-FDB,03:45,03:51,DOWN,"MON,WED,THU,FRI,SAT,SUN"
04037,NDLS-PWL,04:44,04:49,DOWN,"MON,WED,THU,FRI,SAT,SUN"
04627,NDLS-GZB,00:45,00:48,DOWN,"TUE,WED,THU,FRI,SAT"
04627,GZB-ALJN,01:38,01:44,DOWN,"TUE,WED,THU,FRI,SAT"
