train_no,train_name,type,priority_class,days_of_run,punctuality_pct,avg_passengers
22159,Superfast Express 001,Superfast Express,2,"MON,TUE,WED,FRI,SUN",81.2,1752
22826,Goods Freight 002,Goods Freight,4,"MON,TUE,THU,FRI,SAT",56.6,0
22591,Goods Freight 003,Goods Freight,4,"MON,TUE,THU,SAT,SUN",74.7,0
22284,Rajdhani Express 004,Rajdhani Express,1,"MON,TUE,WED,FRI,SAT,SUN",96.0,1559
04650,Rajdhani Express 005,Rajdhani Express,1,"TUE,THU,FRI,SAT,SUN",93.4,1527
12701,Goods Freight 006,Goods Freight,4,"MON,TUE,WED,FRI,SAT,SUN",60.4,0
04322,Goods Freight 007,Goods Freight,4,"MON,THU,FRI,SAT,SUN",60.3,0
04269,Goods Freight 008,Goods Freight,4,"MON,TUE,WED,THU,FRI,SAT,SUN",65.2,0
12156,Rajdhani Express 009,Rajdhani Express,1,"MON,TUE,WED,THU,FRI,SAT,SUN",94.8,1483
04738,Rajdhani Express 010,Rajdhani Express,1,"MON,WED,FRI,SAT,SUN",92.6,1280
12976,Express Passenger 011,Express Passenger,3,"MON,TUE,WED,THU,FRI,SAT,SUN",82.6,1519
12382,Goods Freight 012,Goods Freight,4,"MON,TUE,WED,FRI,SUN",55.4,0
12059,Superfast Express 013,Superfast Express,2,"MON,THU,FRI,SAT,SUN",91.7,1945
12675,Shatabdi Express 014,Shatabdi Express,1,"MON,TUE,WED,THU,FRI,SUN",96.4,1404
22921,Superfast Express 015,Superfast Express,2,"MON,TUE,WED,THU,FRI,SAT,SUN",87.1,1635
12007,Goods Freight 016,Goods Freight,4,"MON,TUE,FRI,SAT,SUN",73.1,0
04243,Rajdhani Express 017,Rajdhani Express,1,"TUE,WED,THU,FRI,SAT,SUN",92.2,1442
12096,Express Passenger 018,Express Passenger,3,"TUE,WED,THU,SAT,SUN",77.0,1746
04669,Rajdhani Express 019,Rajdhani Express,1,"MON,TUE,WED,THU,FRI,SAT,SUN",91.7,1429
22187,Shatabdi Express 020,Shatabdi Express,1,"MON,TUE,WED,THU,FRI,SUN",90.5,1476
12948,Rajdhani Express 021,Rajdhani Express,1,"MON,TUE,THU,FRI,SAT",97.8,1230
22002,Shatabdi Express 022,Shatabdi Express,1,"TUE,WED,THU,FRI,SAT,SUN",91.4,1351
12593,Shatabdi Express 023,Shatabdi Express,1,"MON,TUE,WED,THU,FRI,SAT,SUN",90.5,1460
12070,Rajdhani Express 024,Rajdhani Express,1,"MON,TUE,WED,THU,FRI,SAT,SUN",95.6,1414
04535,Goods Freight 025,Goods Freight,4,"TUE,WED,THU,FRI,SAT,SUN",57.6,0
22951,Express Passenger 026,Express Passenger,3,"MON,THU,FRI,SAT,SUN",78.1,1518
12955,Superfast Express 027,Superfast Express,2,"MON,TUE,WED,FRI,SAT,SUN",90.0,2120
04826,Superfast Express 028,Superfast Express,2,"MON,TUE,WED,THU,FRI,SAT,SUN",83.2,1509
12278,Goods Freight 029,Goods Freight,4,"TUE,WED,THU,FRI,SAT,SUN",65.1,0
12649,Rajdhani Express 030,Rajdhani Express,1,"MON,TUE,WED,THU,FRI,SUN",95.7,1334
04452,Shatabdi Express 031,Shatabdi Express,1,"MON,TUE,WED,THU,FRI,SAT,SUN",94.9,1389
04151,Goods Freight 032,Goods Freight,4,"MON,TUE,WED,FRI,SAT,SUN",59.2,0
22798,Rajdhani Express 033,Rajdhani Express,1,"MON,TUE,WED,THU,FRI,SAT,SUN",97.9,1212
04946,Shatabdi Express 034,Shatabdi Express,1,"MON,TUE,WED,THU,SAT,SUN",93.4,1219
12204,Express Passenger 035,Express Passenger,3,"MON,TUE,WED,FRI,SAT,SUN",76.0,1285
22359,Rajdhani Express 036,Rajdhani Express,1,"MON,TUE,WED,THU,FRI,SAT,SUN",91.6,1335
12610,Rajdhani Express 037,Rajdhani Express,1,"MON,WED,THU,FRI,SAT,SUN",93.5,1495
22045,Shatabdi Express 038,Shatabdi Express,1,"MON,TUE,WED,THU,FRI,SAT,SUN",98.5,1369
22679,Goods Freight 039,Goods Freight,4,"WED,THU,FRI,SAT,SUN",63.2,0
04130,Superfast Express 040,Superfast Express,2,"TUE,WED,THU,SAT,SUN",86.8,1815
12311,Goods Freight 041,Goods Freight,4,"TUE,WED,THU,FRI,SAT,SUN",63.8,0
22812,Goods Freight 042,Goods Freight,4,"MON,TUE,WED,THU,FRI,SAT,SUN",71.4,0
12825,Superfast Express 043,Superfast Express,2,"MON,TUE,THU,SAT,SUN",87.3,2186
22424,Rajdhani Express 044,Rajdhani Express,1,"MON,TUE,WED,THU,FRI,SAT,SUN",95.9,1202
22224,Rajdhani Express 045,Rajdhani Express,1,"MON,THU,FRI,SAT,SUN",95.0,1262
12820,Express Passenger 046,Express Passenger,3,"TUE,WED,THU,FRI,SAT,SUN",82.5,1561
12761,Express Passenger 047,Express Passenger,3,"TUE,WED,THU,FRI,SAT,SUN",79.4,1281
12730,Express Passenger 048,Express Passenger,3,"MON,TUE,WED,THU,FRI,SAT",72.1,1236
04156,Express Passenger 049,Express Passenger,3,"MON,TUE,WED,THU,FRI,SAT,SUN",70.9,1430
04968,Express Passenger 050,Express Passenger,3,"MON,TUE,WED,THU,FRI,SAT,SUN",81.3,1429
04752,Goods Freight 051,Goods Freight,4,"MON,TUE,WED,THU,FRI,SAT,SUN",64.7,0
04695,Superfast Express 052,Superfast Express,2,"MON,TUE,WED,THU,SAT,SUN",90.9,2006
04027,Goods Freight 053,Goods Freight,4,"MON,TUE,THU,SAT,SUN",56.0,0
12465,Superfast Express 054,Superfast Express,2,"MON,TUE,WED,THU,SAT,SUN",85.6,2167
12974,Goods Freight 055,Goods Freight,4,"MON,TUE,WED,THU,FRI,SAT",59.0,0
12244,Goods Freight 056,Goods Freight,4,"MON,TUE,THU,SAT,SUN",69.0,0
04621,Shatabdi Express 057,Shatabdi Express,1,"MON,TUE,WED,THU,FRI,SAT,SUN",95.2,1392
04203,Express Passenger 058,Express Passenger,3,"MON,TUE,WED,FRI,SAT",81.6,1700
12815,Goods Freight 059,Goods Freight,4,"MON,TUE,WED,THU,FRI,SAT,SUN",65.1,0
22842,Rajdhani Express 060,Rajdhani Express,1,"MON,WED,THU,FRI,SAT,SUN",93.9,1575
04276,Goods Freight 061,Goods Freight,4,"MON,TUE,WED,THU,FRI,SAT,SUN",72.0,0
22249,Superfast Express 062,Superfast Express,2,"MON,TUE,WED,THU,FRI,SUN",90.2,1586
12363,Express Passenger 063,Express Passenger,3,"MON,WED,THU,FRI,SAT,SUN",77.7,1195
12737,Rajdhani Express 064,Rajdhani Express,1,"TUE,WED,THU,FRI,SAT,SUN",94.0,1208
22226,Rajdhani Express 065,Rajdhani Express,1,"TUE,WED,THU,FRI,SAT,SUN",93.8,1581
22360,Goods Freight 066,Goods Freight,4,"MON,TUE,WED,THU,FRI,SAT,SUN",61.3,0
12756,Shatabdi Express 067,Shatabdi Express,1,"MON,WED,THU,FRI,SAT,SUN",92.7,1384
22014,Shatabdi Express 068,Shatabdi Express,1,"MON,TUE,WED,THU,FRI,SAT,SUN",95.7,1585
12893,Express Passenger 069,Express Passenger,3,"TUE,WED,THU,FRI,SUN",75.1,1052
22116,Superfast Express 070,Superfast Express,2,"MON,THU,FRI,SAT,SUN",81.8,1976
12254,Superfast Express 071,Superfast Express,2,"TUE,WED,THU,FRI,SUN",84.6,1853
04439,Superfast Express 072,Superfast Express,2,"MON,WED,THU,FRI,SAT,SUN",83.2,1483
12177,Shatabdi Express 073,Shatabdi Express,1,"MON,TUE,WED,THU,FRI,SAT,SUN",90.3,1347
04880,Superfast Express 074,Superfast Express,2,"MON,TUE,WED,THU,SAT,SUN",85.1,1957
04152,Shatabdi Express 075,Shatabdi Express,1,"MON,TUE,THU,FRI,SAT,SUN",95.4,1491
22127,Superfast Express 076,Superfast Express,2,"TUE,WED,THU,FRI,SAT,SUN",85.3,2012
22752,Rajdhani Express 077,Rajdhani Express,1,"MON,WED,THU,FRI,SAT,SUN",99.0,1544
04041,Superfast Express 078,Superfast Express,2,"MON,WED,THU,FRI,SUN",92.0,1846
12481,Express Passenger 079,Express Passenger,3,"MON,TUE,WED,THU,SAT,SUN",76.2,1507
04967,Superfast Express 080,Superfast Express,2,"MON,TUE,THU,FRI,SAT,SUN",83.0,1518
04844,Express Passenger 081,Express Passenger,3,"MON,THU,FRI,SAT,SUN",72.8,1370
22640,Goods Freight 082,Goods Freight,4,"MON,TUE,WED,THU,SAT,SUN",73.6,0
12029,Express Passenger 083,Express Passenger,3,"MON,TUE,WED,THU,FRI,SAT,SUN",71.4,1116
12663,Express Passenger 084,Express Passenger,3,"TUE,WED,THU,FRI,SAT",82.5,1483
22564,Shatabdi Express 085,Shatabdi Express,1,"MON,TUE,THU,FRI,SAT",92.5,1412
04273,Superfast Express 086,Superfast Express,2,"MON,WED,THU,SAT,SUN",85.4,1895
22565,Superfast Express 087,Superfast Express,2,"MON,TUE,WED,THU,FRI,SAT,SUN",82.8,2194
12325,Express Passenger 088,Express Passenger,3,"MON,TUE,WED,THU,FRI,SAT,SUN",84.5,1129
04339,Goods Freight 089,Goods Freight,4,"MON,THU,FRI,SAT,SUN",69.4,0
12480,Shatabdi Express 090,Shatabdi Express,1,"MON,TUE,WED,THU,FRI,SUN",98.6,1520
04036,Express Passenger 091,Express Passenger,3,"MON,TUE,WED,THU,FRI,SAT,SUN",84.7,1778
22170,Rajdhani Express 092,Rajdhani Express,1,"MON,TUE,WED,THU,FRI,SAT,SUN",93.4,1274
04421,Shatabdi Express 093,Shatabdi Express,1,"MON,TUE,WED,THU,FRI,SAT,SUN",94.5,1498
12472,Shatabdi Express 094,Shatabdi Express,1,"MON,TUE,WED,THU,FRI,SAT,SUN",90.7,1376
22654,Goods Freight 095,Goods Freight,4,"MON,TUE,WED,THU,SAT,SUN",72.1,0
22585,Shatabdi Express 096,Shatabdi Express,1,"MON,TUE,WED,FRI,SAT,SUN",92.5,1489
04763,Rajdhani Express 097,Rajdhani Express,1,"MON,TUE,WED,THU,SAT,SUN",95.6,1547
04099,Shatabdi Express 098,Shatabdi Express,1,"MON,TUE,WED,THU,FRI,SAT,SUN",90.8,1351
04425,Superfast Express 099,Superfast Express,2,"TUE,WED,THU,FRI,SUN",86.0,1679
22935,Shatabdi Express 100,Shatabdi Express,1,"MON,TUE,WED,THU,SAT,SUN",91.3,1315
04374,Express Passenger 101,Express Passenger,3,"MON,WED,THU,SAT,SUN",71.9,1377
04390,Superfast Express 102,Superfast Express,2,"MON,TUE,WED,THU,FRI,SAT,SUN",87.8,2050
04309,Express Passenger 103,Express Passenger,3,"MON,TUE,WED,THU,FRI,SAT,SUN",71.7,1240
12397,Goods Freight 104,Goods Freight,4,"MON,WED,THU,FRI,SAT,SUN",72.7,0
04417,Express Passenger 105,Express Passenger,3,"MON,TUE,WED,THU,FRI,SAT",84.3,1371
04376,Rajdhani Express 106,Rajdhani Express,1,"MON,TUE,WED,THU,FRI,SAT,SUN",98.5,1432
04217,Rajdhani Express 107,Rajdhani Express,1,"MON,TUE,WED,THU,FRI,SAT,SUN",97.1,1305
04212,Rajdhani Express 108,Rajdhani Express,1,"MON,TUE,WED,THU,FRI,SAT,SUN",97.7,1274
04256,Shatabdi Express 109,Shatabdi Express,1,"MON,TUE,FRI,SAT,SUN",93.2,1321
22016,Goods Freight 110,Goods Freight,4,"MON,TUE,WED,THU,SUN",57.3,0
22796,Express Passenger 111,Express Passenger,3,"MON,WED,THU,FRI,SAT,SUN",84.2,1044
22469,Goods Freight 112,Goods Freight,4,"MON,TUE,WED,THU,FRI,SAT,SUN",69.2,0
12329,Rajdhani Express 113,Rajdhani Express,1,"MON,TUE,WED,THU,FRI,SAT,SUN",99.0,1471
22517,Superfast Express 114,Superfast Express,2,"MON,TUE,WED,THU,FRI,SAT,SUN",85.0,1864
22747,Express Passenger 115,Express Passenger,3,"TUE,WED,THU,FRI,SUN",84.3,1703
12093,Express Passenger 116,Express Passenger,3,"MON,WED,THU,FRI,SUN",78.3,1600
04337,Goods Freight 117,Goods Freight,4,"MON,TUE,WED,THU,FRI,SAT,SUN",67.0,0
04519,Rajdhani Express 118,Rajdhani Express,1,"MON,TUE,THU,SAT,SUN",93.2,1484
12780,Superfast Express 119,Superfast Express,2,"MON,TUE,WED,THU,FRI,SAT",80.3,1679
22006,Superfast Express 120,Superfast Express,2,"MON,TUE,THU,FRI,SUN",81.7,2048
12764,Rajdhani Express 121,Rajdhani Express,1,"MON,TUE,WED,THU,FRI,SAT,SUN",92.8,1366
04086,Goods Freight 122,Goods Freight,4,"MON,TUE,WED,FRI,SUN",56.6,0
22621,Express Passenger 123,Express Passenger,3,"MON,TUE,WED,THU,FRI,SAT",71.7,1694
22539,Goods Freight 124,Goods Freight,4,"MON,TUE,WED,THU,FRI,SAT,SUN",59.1,0
22296,Shatabdi Express 125,Shatabdi Express,1,"MON,WED,THU,FRI,SAT,SUN",93.4,1560
04572,Shatabdi Express 126,Shatabdi Express,1,"MON,TUE,WED,THU,FRI,SAT,SUN",90.2,1239
04587,Superfast Express 127,Superfast Express,2,"MON,TUE,WED,THU,SAT,SUN",80.3,1732
04471,Shatabdi Express 128,Shatabdi Express,1,"MON,TUE,WED,THU,FRI,SAT,SUN",94.7,1402
04347,Superfast Express 129,Superfast Express,2,"MON,TUE,WED,FRI,SUN",86.1,2194
22744,Superfast Express 130,Superfast Express,2,"MON,TUE,WED,THU,FRI,SAT,SUN",82.1,1556
12791,Rajdhani Express 131,Rajdhani Express,1,"MON,TUE,WED,THU,FRI,SAT,SUN",91.4,1234
22646,Express Passenger 132,Express Passenger,3,"MON,TUE,WED,THU,FRI,SUN",74.7,1462
12377,Rajdhani Express 133,Rajdhani Express,1,"MON,TUE,THU,FRI,SAT,SUN",94.0,1492
22619,Shatabdi Express 134,Shatabdi Express,1,"MON,TUE,THU,FRI,SAT,SUN",98.8,1243
04176,Goods Freight 135,Goods Freight,4,"TUE,WED,THU,FRI,SAT",65.5,0
22939,Superfast Express 136,Superfast Express,2,"MON,TUE,WED,THU,FRI,SUN",80.8,1496
04395,Goods Freight 137,Goods Freight,4,"MON,TUE,WED,THU,FRI,SAT",66.7,0
22990,Superfast Express 138,Superfast Express,2,"MON,TUE,WED,THU,FRI,SAT,SUN",86.7,2058
12686,Superfast Express 139,Superfast Express,2,"MON,TUE,WED,THU,FRI,SAT,SUN",80.2,1716
12349,Shatabdi Express 140,Shatabdi Express,1,"MON,TUE,THU,FRI,SAT,SUN",97.6,1251
04855,Goods Freight 141,Goods Freight,4,"MON,TUE,WED,THU,FRI,SAT,SUN",58.2,0
12420,Express Passenger 142,Express Passenger,3,"TUE,WED,THU,FRI,SAT,SUN",81.3,1459
04244,Shatabdi Express 143,Shatabdi Express,1,"TUE,WED,THU,FRI,SAT,SUN",94.2,1344
04540,Express Passenger 144,Express Passenger,3,"MON,TUE,THU,FRI,SAT,SUN",79.6,1380
12728,Goods Freight 145,Goods Freight,4,"MON,TUE,WED,THU,FRI,SAT,SUN",73.1,0
12969,Express Passenger 146,Express Passenger,3,"MON,TUE,WED,THU,SUN",70.8,1514
12395,Superfast Express 147,Superfast Express,2,"MON,TUE,WED,FRI,SUN",90.1,2065
12140,Superfast Express 148,Superfast Express,2,"TUE,WED,THU,FRI,SAT",87.4,1481
22220,Rajdhani Express 149,Rajdhani Express,1,"MON,THU,FRI,SAT,SUN",97.0,1321
12048,Superfast Express 150,Superfast Express,2,"MON,THU,FRI,SAT,SUN",81.3,1911
04016,Goods Freight 151,Goods Freight,4,"MON,TUE,WED,THU,FRI,SAT,SUN",67.3,0
22191,Goods Freight 152,Goods Freight,4,"MON,TUE,WED,THU,FRI,SAT,SUN",72.5,0
22259,Express Passenger 153,Express Passenger,3,"MON,TUE,WED,THU,FRI,SAT,SUN",72.0,1360
22833,Goods Freight 154,Goods Freight,4,"MON,TUE,WED,THU,FRI,SAT,SUN",56.3,0
22206,Rajdhani Express 155,Rajdhani Express,1,"MON,TUE,WED,SAT,SUN",94.6,1478
22037,Express Passenger 156,Express Passenger,3,"MON,TUE,WED,THU,FRI,SAT,SUN",71.9,1376
22761,Express Passenger 157,Express Passenger,3,"TUE,WED,THU,FRI,SAT,SUN",75.5,1531
12744,Superfast Express 158,Superfast Express,2,"MON,TUE,WED,THU,FRI,SAT",83.9,1481
04302,Superfast Express 159,Superfast Express,2,"TUE,WED,THU,FRI,SAT,SUN",84.2,1443
04445,Superfast Express 160,Superfast Express,2,"MON,TUE,THU,FRI,SAT,SUN",91.4,1546
04800,Goods Freight 161,Goods Freight,4,"MON,TUE,WED,THU,SAT,SUN",62.2,0
12695,Goods Freight 162,Goods Freight,4,"MON,WED,THU,FRI,SAT,SUN",65.6,0
04285,Superfast Express 163,Superfast Express,2,"MON,TUE,WED,THU,SUN",84.6,1975
22793,Rajdhani Express 164,Rajdhani Express,1,"TUE,WED,THU,FRI,SAT,SUN",91.8,1269
22176,Rajdhani Express 165,Rajdhani Express,1,"MON,TUE,WED,THU,FRI,SAT,SUN",98.0,1280
22520,Shatabdi Express 166,Shatabdi Express,1,"MON,TUE,THU,FRI,SAT",90.2,1483
22478,Goods Freight 167,Goods Freight,4,"MON,TUE,WED,THU,FRI,SAT,SUN",65.5,0
12128,Goods Freight 168,Goods Freight,4,"MON,TUE,WED,THU,FRI,SAT",57.6,0
22514,Shatabdi Express 169,Shatabdi Express,1,"MON,TUE,THU,FRI,SUN",91.5,1365
22970,Shatabdi Express 170,Shatabdi Express,1,"MON,TUE,WED,THU,FRI,SAT,SUN",95.6,1514
12514,Goods Freight 171,Goods Freight,4,"MON,TUE,WED,THU,FRI,SAT,SUN",71.5,0
12971,Rajdhani Express 172,Rajdhani Express,1,"MON,TUE,WED,THU,FRI,SAT,SUN",94.5,1521
22657,Goods Freight 173,Goods Freight,4,"MON,TUE,WED,THU,SAT,SUN",68.8,0
22495,Express Passenger 174,Express Passenger,3,"TUE,WED,THU,FRI,SAT,SUN",81.0,1353
12778,Express Passenger 175,Express Passenger,3,"MON,TUE,WED,FRI,SAT,SUN",71.8,1460
12099,Shatabdi Express 176,Shatabdi Express,1,"MON,WED,THU,FRI,SAT",98.7,1281
04320,Superfast Express 177,Superfast Express,2,"TUE,THU,FRI,SAT,SUN",90.5,1909
12967,Rajdhani Express 178,Rajdhani Express,1,"TUE,WED,THU,FRI,SAT,SUN",90.4,1344
04903,Express Passenger 179,Express Passenger,3,"MON,TUE,WED,THU,FRI,SAT,SUN",83.2,1744
22374,Superfast Express 180,Superfast Express,2,"MON,TUE,THU,FRI,SUN",86.6,1475
04461,Express Passenger 181,Express Passenger,3,"MON,TUE,WED,THU,FRI,SAT,SUN",75.6,1347
22773,Goods Freight 182,Goods Freight,4,"TUE,WED,THU,FRI,SAT",55.8,0
04341,Shatabdi Express 183,Shatabdi Express,1,"TUE,WED,THU,FRI,SAT,SUN",91.5,1515
04344,Superfast Express 184,Superfast Express,2,"MON,TUE,WED,THU,FRI,SAT,SUN",89.8,1777
04112,Superfast Express 185,Superfast Express,2,"MON,TUE,WED,THU,FRI,SUN",88.7,1997
12536,Express Passenger 186,Express Passenger,3,"MON,TUE,WED,THU,FRI,SAT,SUN",78.6,1717
12019,Rajdhani Express 187,Rajdhani Express,1,"MON,TUE,WED,THU,SAT,SUN",93.7,1596
22893,Goods Freight 188,Goods Freight,4,"MON,TUE,WED,THU,FRI,SAT,SUN",65.5,0
22934,Shatabdi Express 189,Shatabdi Express,1,"MON,TUE,WED,THU,FRI,SAT,SUN",98.6,1342
22230,Goods Freight 190,Goods Freight,4,"TUE,WED,THU,FRI,SAT,SUN",62.0,0
12587,Superfast Express 191,Superfast Express,2,"MON,TUE,WED,THU,FRI,SAT,SUN",83.5,2131
22946,Rajdhani Express 192,Rajdhani Express,1,"MON,TUE,WED,THU,FRI,SAT",98.4,1556
12111,Superfast Express 193,Superfast Express,2,"MON,TUE,WED,THU,FRI,SAT,SUN",80.6,1823
04483,Superfast Express 194,Superfast Express,2,"MON,TUE,THU,SAT,SUN",87.8,1887
04204,Express Passenger 195,Express Passenger,3,"MON,WED,THU,FRI,SAT,SUN",78.0,1740
12427,Rajdhani Express 196,Rajdhani Express,1,"MON,TUE,WED,THU,SAT",98.7,1348
12305,Rajdhani Express 197,Rajdhani Express,1,"MON,TUE,WED,THU,FRI,SAT,SUN",97.7,1439
12828,Superfast Express 198,Superfast Express,2,"TUE,WED,THU,FRI,SUN",82.2,2154
22581,Superfast Express 199,Superfast Express,2,"MON,TUE,WED,THU,FRI,SAT,SUN",84.8,1497
12488,Shatabdi Express 200,Shatabdi Express,1,"MON,TUE,WED,THU,SAT,SUN",96.8,1368
04740,Superfast Express 201,Superfast Express,2,"MON,TUE,WED,THU,FRI,SAT,SUN",83.7,1815
04788,Goods Freight 202,Goods Freight,4,"MON,WED,THU,FRI,SAT,SUN",59.4,0
12765,Express Passenger 203,Express Passenger,3,"MON,TUE,WED,THU,FRI,SAT,SUN",80.2,1610
04457,Rajdhani Express 204,Rajdhani Express,1,"MON,TUE,WED,THU,FRI,SAT,SUN",91.5,1466
12696,Express Passenger 205,Express Passenger,3,"MON,WED,THU,FRI,SAT",76.7,1056
12525,Express Passenger 206,Express Passenger,3,"MON,TUE,WED,THU,FRI,SUN",80.8,1405
12763,Superfast Express 207,Superfast Express,2,"MON,TUE,THU,FRI,SAT",88.4,1954
12956,Rajdhani Express 208,Rajdhani Express,1,"MON,TUE,WED,THU,FRI,SUN",93.4,1395
22384,Express Passenger 209,Express Passenger,3,"TUE,WED,FRI,SAT,SUN",82.9,1121
04402,Shatabdi Express 210,Shatabdi Express,1,"MON,TUE,WED,THU,FRI,SAT,SUN",96.1,1478
04388,Express Passenger 211,Express Passenger,3,"TUE,WED,THU,SAT,SUN",72.8,1742
12676,Rajdhani Express 212,Rajdhani Express,1,"MON,TUE,WED,FRI,SAT,SUN",95.3,1428
04720,Goods Freight 213,Goods Freight,4,"MON,TUE,THU,SAT,SUN",59.7,0
12515,Rajdhani Express 214,Rajdhani Express,1,"TUE,WED,THU,FRI,SAT,SUN",92.1,1273
12423,Goods Freight 215,Goods Freight,4,"MON,TUE,WED,THU,FRI,SUN",66.1,0
04687,Superfast Express 216,Superfast Express,2,"MON,TUE,WED,THU,FRI,SUN",83.6,1588
22246,Goods Freight 217,Goods Freight,4,"MON,TUE,WED,THU,SAT",66.2,0
04137,Goods Freight 218,Goods Freight,4,"MON,TUE,WED,THU,SAT,SUN",73.4,0
04741,Rajdhani Express 219,Rajdhani Express,1,"MON,WED,THU,FRI,SUN",91.7,1589
04222,Goods Freight 220,Goods Freight,4,"MON,TUE,WED,THU,FRI,SAT",74.2,0
12712,Express Passenger 221,Express Passenger,3,"MON,TUE,WED,THU,FRI,SAT,SUN",75.7,1546
22267,Superfast Express 222,Superfast Express,2,"MON,TUE,WED,THU,FRI,SAT",89.1,1727
22320,Shatabdi Express 223,Shatabdi Express,1,"MON,TUE,THU,FRI,SAT,SUN",95.0,1499
04427,Goods Freight 224,Goods Freight,4,"MON,TUE,WED,THU,SAT,SUN",65.0,0
22989,Superfast Express 225,Superfast Express,2,"MON,TUE,WED,THU,FRI,SAT,SUN",81.7,1959
12938,Express Passenger 226,Express Passenger,3,"MON,TUE,WED,THU,FRI,SAT,SUN",76.2,1645
12724,Shatabdi Express 227,Shatabdi Express,1,"MON,TUE,THU,FRI,SAT",90.5,1526
22675,Goods Freight 228,Goods Freight,4,"MON,WED,THU,FRI,SAT,SUN",65.6,0
22017,Goods Freight 229,Goods Freight,4,"MON,TUE,WED,THU,FRI,SAT,SUN",59.8,0
22814,Superfast Express 230,Superfast Express,2,"MON,WED,THU,FRI,SAT,SUN",91.9,1631
04847,Superfast Express 231,Superfast Express,2,"MON,TUE,FRI,SAT,SUN",84.6,1965
12652,Express Passenger 232,Express Passenger,3,"MON,TUE,THU,SAT,SUN",79.7,1339
12916,Goods Freight 233,Goods Freight,4,"MON,TUE,WED,THU,FRI,SAT,SUN",68.7,0
04673,Goods Freight 234,Goods Freight,4,"MON,TUE,WED,SAT,SUN",57.9,0
22166,Rajdhani Express 235,Rajdhani Express,1,"MON,TUE,WED,THU,FRI,SAT,SUN",94.5,1377
12447,Rajdhani Express 236,Rajdhani Express,1,"MON,TUE,WED,THU,SUN",90.3,1339
22233,Express Passenger 237,Express Passenger,3,"TUE,WED,THU,FRI,SAT,SUN",71.3,1633
12075,Superfast Express 238,Superfast Express,2,"TUE,WED,THU,SAT,SUN",84.7,1769
12005,Rajdhani Express 239,Rajdhani Express,1,"MON,WED,THU,FRI,SAT,SUN",91.7,1429
04524,Goods Freight 240,Goods Freight,4,"MON,WED,THU,FRI,SAT,SUN",66.9,0
12298,Express Passenger 241,Express Passenger,3,"MON,TUE,WED,THU,FRI,SAT",80.3,1173
22308,Shatabdi Express 242,Shatabdi Express,1,"MON,TUE,WED,THU,SAT,SUN",93.8,1447
22257,Rajdhani Express 243,Rajdhani Express,1,"TUE,THU,FRI,SAT,SUN",91.0,1355
22340,Rajdhani Express 244,Rajdhani Express,1,"MON,TUE,WED,THU,FRI,SAT,SUN",92.9,1555
22321,Shatabdi Express 245,Shatabdi Express,1,"WED,THU,FRI,SAT,SUN",97.0,1366
22836,Express Passenger 246,Express Passenger,3,"MON,TUE,WED,FRI,SAT,SUN",80.2,1563
04472,Rajdhani Express 247,Rajdhani Express,1,"MON,TUE,WED,THU,FRI,SAT,SUN",95.7,1323
04157,Superfast Express 248,Superfast Express,2,"MON,TUE,WED,THU,FRI,SAT,SUN",86.4,2108
04037,Express Passenger 249,Express Passenger,3,"MON,WED,THU,FRI,SAT,SUN",79.9,1363
04627,Shatabdi Express 250,Shatabdi Express,1,"TUE,WED,THU,FRI,SAT",91.0,1250
